collection,identifier,subject,title,language,creator,date
['opensource'],yeni-internet-kisayolu,257257,Yeni Internet Kısayolu,,,
['opensource'],ucla-tau-beta-pi-test-bank-11-27-2021,"['ucla', 'tau beta pi', 'tbp', 'ucla engineering', 'test bank']",Ucla Tau Beta Pi Test Bank 11 27 2021,,,
"['opensource', 'community']",2016082220160823_201608,aa,20160822 20160823,,,
"['opensource', 'community']",hopenationrssfeed_201610,,hopenationrssfeed,English,,
"['opensource', 'community']",SatRss_20170415,satrss,Sat Rss,English,,
"['opensource', 'community']",guisettings_20160411,sgdfshbdf,guisettings,English,,
"['opensource', 'community']",ListingXMLtestJulyCopy,Xml,Listing XMLtest July Copy,English,,
"['opensource', 'community']",all_2,2,all_2,English,,
"['opensource', 'community']",kitchen_201804,gg,kitchen,English,,
"['opensource', 'community']",TheWongTakes19_RSS,The Wong Takes RSS,The Wong Takes RSS 19,English,,
"['opensource', 'community']",ClarishasPlaylists,CP,Clarisha's Playlists,English,,
['opensource'],telesphoreo-mailinglists,"['telesphoreo', 'cydia', 'iphone', 'ios', 'jailbreak', 'android', 'htc dream', 't-mobile g1']",Telesphoreo Tangelo Mailing List Archive,eng,Telesphoreo Tangelo,
['opensource'],Minn73Stats,HistoricalPreservation,Minn73Stats,eng,MinnesotaGoldenGophersFootball,2023-06-27T00:00:00Z
"['opensource', 'community']",KIDSChannels,Kids Channels,KIDS Channels,English,,
"['opensource', 'community']",rhilariodasilva_ymail_Man_20180113,xml,man,English,,
"['opensource', 'community']",AdvancedSettings_201705,SDF5GHJ,baseadons,English,,
"['opensource', 'community']",RSSFeedRohas,RSSFEEDROHAS,RSSFeed Rohas,English,,
"['opensource', 'community']",sport_20171126_0301,hobby coding,sport,English,,
"['opensource', 'community']",phantom_201804,asdfasdf,phantom,English,,
"['opensource', 'community']",xipa.Dr.dros6,jhgjgj,xipa.Dr.dros6,Welsh,,
"['opensource', 'community']",about-os-x-lion,"['os x', 'mac', 'macos', 'mac os x', 'lion', 'apple']",About * ( OS X Lion),English,Apple Inc.,2011-01-01T00:00:00Z
"['opensource', 'community']",primeiraregrapodcast_gmail_Feed_20180214,feed,feed,English,,
"['opensource', 'community']",MusicMenu_201805,menuu,VS Music Menu,English,,
"['opensource', 'community']",phantom_20180402,DFADFASFASDF,phantom,English,,
"['opensource', 'community']",TvShowMenu_201805,menuu,VS Tv Show Menu,English,,
"['opensource', 'community']",supernatushow_201804,Supernatural,supernatushow,English,,
"['opensource', 'community']",devoltaparaataverna_gmail_Feed,arv,feed,English,,
"['opensource', 'community']",PersistRatesAndAvailability3,XML,Persist Rates And Availability 3,English,,
"['opensource', 'community']",com.davincistudio.blackholeio,hole,Black Hole IO Amazon,English,,
"['opensource', 'community', 'fav-homeuser2024', 'fav-retroarmsware']",2017-12-000003,,.,,,
"['opensource', 'community']",rss.xml_201712,dfhdtthrt,rss,English,,
"['opensource', 'community']",google_group_alt.radio.networks.cbc,,Google Group: alt.radio.networks.cbc,English,,
"['opensource', 'community']",google_group_rec.radio.broadcasting,Google Group rec.radio.broadcasting,Google Group: rec.radio.broadcasting,eng,,
"['opensource', 'community', 'fav-legaliseequality']",ProhibitionAndResistanceASocioPoliticalExplorationOfTheChangingDynamicsOfTheSout,"['Prohibition', 'Resistance', 'Socio-Political', 'Exploration', 'Southern African', 'Cannabis', 'Trade', '1850']",Prohibition And Resistance A Socio Political Exploration Of The Changing Dynamics Of The Southern African Cannabis Trade 1850 – Present,eng,,
"['opensource', 'community']",install_20180905_2005,ahsan-qaed,install,English,,
"['opensource', 'community']",girlmoviegirl,"['Girl', 'Acadamy', 'Grammy', '75208', 'Dallas']",girlmovie,eng,Aaron.Schwartz,2021-01-01T00:00:00Z
"['opensource', 'community']",gloomap.xml,sitemap,gloomap,,,
['opensource'],gmail-fwd-5-xpnxq-63-eoba-5-btgjn-4-uxoloxm-you-tube-copyright-complaint-submiss,"['Email to YouTube on December 28', '2024 against Loudly.com']","Email to YouTube on December 28, 2024 against Loudly.com",,,
['opensource'],msab.tar,"['phone spying', 'Israel']",Cellebrite,,Cellabrite,2023-01-01T00:00:00Z
"['opensource', 'community']",goodreads_library_export_202202,"['Cookbooks', 'fiction']",goodreads_library_export,eng,Myself?,2022-02-24T00:00:00Z
"['opensource', 'community']",xnet_969,Legenda,Denial,,,
"['opensource', 'community']",6.2V.4ylFnepoRLissAndroidMAX_20170325,6.2V.4ylF'n'epoR,6.2 V. 4yl F'n'epo R Liss Android MAX,,,
"['opensource', 'community']",war-poem,War peace love,War Poem,English,,
"['opensource', 'community']",trongsinhsautathanhvaiac,1910,nta1910,,,
"['opensource', 'community']",trsob16_rss,"['trsob', 'uau']",UaU RSS 16,,,
"['opensource', 'community']",trsob3_rss,UaU,UaU RSS 3,,,
"['opensource', 'community']",truth_202302,Truth,Truth,,,
"['opensource', 'community']",OLIBRecordExport,Prueba 2,OLIB Record Export,English,,
"['opensource', 'community']",tresporciento2,DSLFKSLD,tresporciento2,,,
['opensource'],toilets_202406,"['presentation', 'toilets']",toilets,eng,No records,2010-01-01T00:00:00Z
"['opensource', 'community']",toon_20220625_202206,B,Toon,,,
"['opensource', 'community']",tor-proxy,tor,Tor Proxy,,,
"['opensource', 'community']",torbox-20230310-v052,#QURAN,torbox-20230310-v052,,,
['opensource'],twitch-videos-1663518126,TwitchVod,WATCHING THE NEW MANDELA CATALOGUE,eng,JackManifoldTV,2022-11-26T00:00:00Z
"['opensource', 'community']",ultrabox,ultrabox,rss,English,,
"['opensource', 'community']",unc-0ver-k_20210821,w,Unc 0ver K,,,
"['opensource', 'community']",unc-0ver_20210112,Snnssb,Unc 0ver,,,
"['opensource', 'community']",unc0ver_20211029,k,unc0ver,,,
"['opensource', 'community']",uncle-f,uncle,Uncle F,,,
"['opensource', 'community']",turkish-questions,TURKISH Questions Football Playades,TURKISH Questions Football Playades,,,
"['opensource', 'community']",ui.min_202202,nil,ui.min,,,
"['opensource', 'community']",twitter-2020-06-22-93eccd5ac1d067e3ac15b2b85ba56b5a4354f0bbc2c4c1d50e43d56d46ce8c27,Twitter,Old Twitter posts,English,Twitter,2020-01-01T00:00:00Z
"['opensource', 'community']",twitter_20191113,hello dsfasdf,twitter,eng,,
"['opensource', 'community']",tydyfuih,checkin,tydyfuih,,,
"['opensource', 'stream_only']",treasures-of-the-aleppo-community,"['יהודי חלב', 'חלב', 'חלב סוריה', 'Aleppo']",ספר אוצרות ארם צובה 1,heb,"מוזיאון ישראל/מרכז למורשת אר""ץ",2002-04-20T00:00:00Z
"['opensource', 'community']",tr10.10.2019,SDF,TR 10.10.2019,,,
"['opensource', 'community']",unc0ver_20210129,Hhjj,unc0ver,,,
"['opensource', 'community']",unc0ver_20210131_1330,Hahaha,unc0ver,,,
"['opensource', 'community']",ungu_20210930,Ungu254,Ungu254,,,
"['opensource', 'community']",tuan.-vu-lien.-khuc.-bong.-co.-may,Lien Khuc Bong Co May LRC,Lien Khuc Bong Co May LRC,English,,
"['opensource', 'community']",tubemate-youtube-downloader-2-4-8,ططط,tubemate-youtube-downloader-2-4-8,English,,
"['opensource', 'fav-artursz']",wireless-world-vol-32-january_202504,Electronics,Wireless World Vol 32 January,,,
['opensource'],working-capital-funding,working capital funding,Working Capital Funding,,,
"['opensource', 'community']",wallpaper_v2_20210126,json,wallpaper_v2,,,
"['opensource', 'community']",wiley2016,CPA,Wiley 2016,English,,
['opensource'],worlds_best_mystery_6_1108_librivox_202412,1001 Nights,worlds_best_mystery_6_1108_librivox,,,
"['opensource', 'community']",xai_20230325,AI,説明可能な人工知能( XAI)とは？機械学習のモデルを説明・解釈する最新手法まとめ,,,
['opensource'],xd.txtiabsasi-2,IdK,J.txtiabsasi 2,,,
['opensource'],402_20250106_202501,21,== 402,,,
['opensource'],2025-04-14-t-215304.041,رواية,تصميم بدون عنوان 2025 04 14 T 215304.041,,,
['opensource'],20250113_20250113_0723,حل مراجعة الكتاب المدرسي ٦.ب,حل مراجعة الكتاب المدرسي ٦.ب الترم ٢,,,
['opensource'],499-alabama-street-unit-123-noi,"['Housing', 'San Francisco', 'affordable housing', 'Artist housing']","499 Alabama Street, Unit 123 NOI",eng,SF Planning,
['opensource'],wwgwrg,awer,wwgwrg,,,
"['opensource', 'community']",www-widgetapi,api,www-widgetapi,,,
['opensource'],artissumatratruck,thrfg,artissumatratruck,,,
['opensource'],www.msn.com,MSN,Comments from A Meng on MSN,eng,Microsoft News,2024-12-27T00:00:00Z
"['opensource', 'community']",arabicbooksaboutbirds,طيور,Arabic Books About Birds,English,,
"['opensource', 'community']",arbsteam-1_202106,HSN,ARBSTEAM 1,,,
"['opensource', 'community']",taiwan-and-new-zealand-show-business-travels-future-financial-times,"['Business', 'News']",Taiwan And New Zealand Show Business Travel’s Future | Financial Times,eng,,2020-11-30T00:00:00Z
['opensource'],world-languages-bibles_202407,"['WORLD', 'LANGUAGES', 'BIBLES', 'Holy Bible']",WORLD LANGUAGES BIBLES,,,
['opensource'],9789381450840,"['Agricultural Sciences', 'Crop Management and Improvement', 'Agribusiness Management', 'Mathematics and Statistics', 'Agriculture Economics', 'Computer Science', 'Computer Science Complete', 'Agricultural Sciences Complete']",Statistical Designs and Analysis for Agricultural Field Experiments,eng,Vijay Katyal & D.M.Hegde,2013-06-15T00:00:00Z
"['opensource', 'community']",wvc_backup_20221120_2114,txt,wvc_backup,,,
"['opensource', 'community']",y2_20230121,ffff,y2,,,
"['opensource', 'community']",yi-1_20210831,YI451,YI451,,,
"['opensource', 'community']",yjuyyyjjghj,checkin,yjuyyyjjghj,,,
"['opensource', 'community']",yourwebview_202105,tes,yourwebview,,,
"['opensource', 'community']",SpaguettiConexion,spaghetti conexion,Spaguetti Conexion,,Joni Makarroni - MarÃ­a Canelonni,
['opensource'],wpf-app-5,dd,Wpf App 5,,,
"['opensource', 'community']",xplus_20190513,j,xplus,,,
"['opensource', 'community']",xipa.chyaapps_202010,xd,xipa.Chyaapps,,,
"['opensource', 'community']",watched_guide,watched,watched,English,,
"['opensource', 'community']",weedsymbol,"['logo', 'design', 'band', 'music', 'weexistevendead']",WE EXIST EVEN DEAD Symbol,eng,WE EXIST EVEN DEAD,2016-10-03T00:00:00Z
"['opensource', 'community']",wgcaster_backup,txt,wgcaster_backup,,,
['opensource'],well-known,ggg,Assetlinks ( 1),,,
"['opensource', 'community']",update_20230410,.,update,,,
"['opensource', 'community']",up_20220925_20220925_1920,vrtgt,Up,,,
"['opensource', 'community']",update19_201910,f,Update 19,English,,
['opensource'],user-script_20240915_0307,"['Greasyfork', 'User Script', 'JavaScript', 'bloxd.io', 'Bunjee Jumper']",Lunar Client,,Bunjee Jumper,2024-03-27T00:00:00Z
['opensource'],user-script_20240915_2336,"['Greasyfork', 'User Script', 'JavaScript', 'bloxd.io', 'tonnis']",pvp master,,tonnis,2024-06-03T00:00:00Z
['opensource'],user-script_20240917_0241,"['Greasyfork', 'User Script', 'JavaScript', 'bloxd.io', 'tonnis']",Tonnis Client,,tonnis,2024-07-10T00:00:00Z
['opensource'],user-script_20241005,"['Greasyfork', 'User Script', 'JavaScript', 'bloxd.io', 'Ottery2100']",bloxd.io no hit cool down + instant break,,Ottery2100,2023-08-15T00:00:00Z
"['opensource', 'community']",urn_webprotege_ontology_c0b8701e-374c-4d5a-bc60-970f0cba1976,"['vocabularios', 'ciberseguridad']",urn_webprotege_ontology_c0b8701e-374c-4d5a-bc60-970f0cba1976,,,
"['opensource', 'community']",watusi2_202002,tayst,Watusi 2,English,hshsh,
['opensource'],vol.-11-no.-1-2-3-2022,vol.-11-no.-1-2-3-2022,"Vol. 11 No. 1, 2, 3, ( 2022)",,,
"['opensource', 'community']",vpnmundohead,novaconfig,VPNMUNDO HEAD,,,
"['opensource', 'community']",vs26.t4r,document,vs26.t4r,,,
"['opensource', 'community']",vocacove,vocacove,vocacove,,,
"['opensource', 'community']",vocaloid-songs-covers,a,Vocaloid Songs & Covers,English,,
"['opensource', 'community']",version-number-scanner,a,Version Number Scanner,,,
"['opensource', 'community']",virus_202005,nothing,virus,English,,
"['opensource', 'community']",view1_201909,#نگارگری #بدرالسماء #persian_art #persian_painting,آثار نگارگری استاد رضا بدرالسماء بنا بر وبگاه شخصی ایشان تا خرداد 1397,English,ناهید جعفری دهکردی,
"['opensource', 'community']",video-qatar2022,video,video-morocco-v-croatia-now13,,,
['opensource'],video-star-12.2.4-1706612420,G,Video Star 12.2.4 1706612420,,,
"['opensource', 'community']",video-star_SajadApp,Sajad Apps ios,Video Star++,,,
"['opensource', 'community']",videostar_20210929,deggdg,videoStar,,,
"['opensource', 'community']",usa_20211012,gyuguy,USA,,,
['opensource'],user_20240328_202403,N,user,,,
['opensource'],user_20240328_20240328,م,user,,,
"['opensource', 'community']",vdi_20210827,VDI,VDI,,,
"['opensource', 'community']",vdoc.pub_the-art-of-cars.cbz,"['Book', 'lost', 'john lasseter', 'michael wallis']",vdoc.pub_the-art-of-cars.cbz,,,
"['opensource', 'community']",tvt_20230608_202306,aaaa,tvt,,,
"['opensource', 'community']",zayavl_abdul,checkin,zayavl_abdul,,,
['opensource'],yuny-tekhnik-2007-2022,11,Yuny Tekhnik 2007 2022,,,
"['opensource', 'community']",worldzine-links,Xfinity Router Not Working,Worldzine Links,eng,,2020-01-01T00:00:00Z
['opensource'],facebook_videodump1_7z.7z,personal,my personal log 010101,,me,
['opensource'],ActiveSaskFiresReport_2025-01-27,fire,Active Fires Report 2025-01-27,eng,,
"['opensource', 'community']",ConcursoMalagaIICeuta,IIPP,Concurso Malaga II Ceuta,,,
['opensource'],EduInvestmentWithCodeing1,EduInvestmentWithCodeing1,EduInvestmentWithCodeing1,,,
"['opensource', 'fav-pirate_archiver165']",dippers-and-mabels-guide-to-mystery-and-nonstop-fun,Dke,Dipper's And Mabel's Guide To Mystery And Nonstop Fun!,eng,Me,2012-01-23T00:00:00Z
['opensource'],oop-project,OOP,OOP PROJECT,eng,Muhammad Kamran Nasar,
"['opensource', 'community']",supplementary-activities-for-statistics-in-high-school-using-geo-gebra-1,"['Statistics', 'High School', 'GeoGebra']",Supplementary Activities For Statistics In High School Using Geo Gebra 1,eng,Harinder Mahajan PH.D,2022-01-03T00:00:00Z
"['opensource', 'fav-andrei_preston508']",batang_20250107,fonts,batang,,Fonts,
['opensource'],avg_internet_security_setup_202404,ff,avg_internet_security_setup,,,
['opensource'],placeholder.txt,test,digiwar placeholder,,,
['opensource'],market-financial-journal-latest-finance-news-stock-market-updates-crypto-trends,home page bloging site,"Market Financial Journal Latest Finance News, Stock Market Updates & Crypto Trends",,investment,
['opensource'],north-korean-foreign-vehicles-namu-wiki,"['html', 'mhtml']",North Korean Foreign Vehicles Namu Wiki,,,
['opensource'],sanyi-rodriguez-taboada-doctrinal-signature,"['Doctrinal Signature', 'Academic Identity', 'Semantic Enforcement', 'Indexation Priority', 'Resilience', 'IoT', 'Semantic AI', 'Free Software', 'Free Hardware', 'Agriculture 4.0', 'Advertising', 'Semantics', 'Agronomical Engineer', 'Licentiate in Education', 'Physics and Electronics', 'Modular Infrastructure', 'Hostile Environments', 'Corpus Preservation']",sanyi-rodriguez-taboada-doctrinal-signature,eng,Sanyi Rodríguez Taboada,2025-11-13T00:00:00Z
['opensource'],welcome-to-waihola,"['jontymaster', 'new zealand', 'welcome', 'to', 'waihola', 'hot chocolate', 'coffee']",welcome to waihola,eng,JontyMaster,2024-04-29T00:00:00Z
"['opensource', 'fav-cancer-prevention']",Legko,"['жить', 'легко', 'легкий', 'даосизм', 'Дальний Восток', 'Владивосток', 'Шалом', 'Михайлович', 'Тараканов']","Шалом Михайлович Тараканов - «Поймать ветер». Духовные пути Дальнего Востока для легкой жизни [Жить-Легко.рф, 2025].zip",rus,Шалом Михайлович Тараканов,2025-01-01T00:00:00Z
['opensource'],wayback-machine-2_202511,hoops and yoyo,Wayback Machine 2,,,
['opensource'],varlam-shalamov-nikolaj-dostal.-serial-zaveshchanie-lenina.-recenzii,Varlam Shalamov,Varlam Shalamov Nikolaj Dostal'. Serial Zaveshchanie Lenina. Recenzii,,,
"['opensource', 'community']",sasya_202111,Sasya453,Sasya453,,,
['opensource'],wikineosvrcom-20231018-wikidump,"['MediaWiki', 'Neos', 'NeosVR', 'Neos VR', 'Neos Wiki', 'WikiBot', 'metaverse', 'wiki', 'wikineoscom', 'wikiteam', 'wikiteam3']",Wiki Neos Wiki 20231018,,,2023-10-18T00:00:00Z
"['opensource', 'community']",tk_Dogry_ynanc_we_ony_bozyan_zatlar,tk_Dogry_ynanc_we_ony_bozyan_zatlar,tk_Dogry_ynanc_we_ony_bozyan_zatlar,tuk,,
"['opensource', 'community']",reaccion_383,factores,reaccion,,guillermo soler,
"['opensource', 'community']",44AbTrainingArchive,Nice,44 Ab Training Archive,English,,
"['opensource', 'community']",tameenat2009,accounting,tameenat2009,,,
"['opensource', 'community']",textfile,text,textfile,,,
['opensource'],sonu-vir-1,Eng,Sonu Vir ( 1),,SV Creation,2024-01-07T00:00:00Z
"['opensource', 'community']",MicathonZeusA2,None,Micathon Zeus A 2,eng,Micathon Corp,2016-10-01T00:00:00Z
['opensource'],sifat-shalat-nabi-jilid-2_20251127,"['sifat', 'shalat', 'nabi', 'jilid2']",Sifat Shalat Nabi Jilid 2,,,
"['opensource', 'community']",guisettings_201906,2019,guisettings,English,,
['opensource'],h-pt_20231114,Subs,H Pt,por,Default,2020-06-03T00:00:00Z
"['opensource', 'community']",guia_20230610,Gia,guia,,,
"['opensource', 'community']",guide_202301,new guide,guide,,,
"['opensource', 'community']",guide_online_20200716,dasdawqeq123132,HmnFallFlat Arschltsakbr,German,,
"['opensource', 'community']",guide_online_20200807,14vvsssssss,nghborsvndydev,,,
"['opensource', 'community']",guide_online_20201028,tcakitchendoamamah,tcakitchendoamamah,Akan,,
"['opensource', 'community']",guide_online_20201116,tcakitchenarsychalysta,tcakitchenarsychalysta,,,
"['opensource', 'community']",guide_online_20210118,tesd,guide_online,,,
"['opensource', 'community']",guide_online_V3_2,scaryteacsunlydev,scaryteacsunlydev,,,
['opensource'],hakroman1_202403,Hbnbnbbh,hakroman1,,,
"['opensource', 'community']",sticker_20211222,dcc,sticker,,,
['opensource'],gtaliberty-citywebview,dadsfgd,GTALiberty Citywebview,,,
"['opensource', 'community']",WelcometoEntertainmentFreedom_201603,Welcome,Entertainment Freedom,English,,
"['opensource', 'community']",descriptions-etoile-exploration-by-laurent-guidali-2012-2020,eXploration,Descriptions Etoile (eXploration) by Laurent Guidali [2012-2020],english-handwritten,Laurent Guidali,2012-01-01T00:00:00Z
['opensource'],704747334-evolve-1-quiz-book,"['Evolve 1', 'digital book level A1']",704747334 Evolve 1 Quiz Book,eng,Cambridge college,2022-01-01T00:00:00Z
"['opensource', 'community']",AQ-23,aquabeads,AQ-23 - Pooh,,,
"['opensource', 'community']",000000000000000_000_iso13,,.,,,
"['opensource', 'community']",00000000up4mdl00000_004,,.,,,
"['opensource', 'community']",0zgi84057,zgi840570,0zgi 84057,,,
"['opensource', 'community']",1.TLTotok,cv,1. TL Totok,,,
['opensource'],07-sabbath,"['sabbath day', ""the Lord's day""]",07 Sabbath,eng,,
"['opensource', 'community']",1.0.8PRO2,JB,1.0.8 PRO 2,English,,
"['opensource', 'community']",1512546,sfs,A,English,qsffsf,
"['opensource', 'community']",ti-freakware-lachprog-main-page,"['ti-89', 'metroid']",TI Freakware Lachprog Main Page,eng,Lachprog,2006-02-03T00:00:00Z
"['opensource', 'community']",satap,,satap,,,
"['opensource', 'community']",5C891FF1_201708,Black PS2 16:9,Black PS2 16:9 60fps,English,,
['opensource'],received-61-surety-bond,"['christina clement. hhempressqueenchristinaclement', 'stateoflocnation']",RECEIVED 61 SURETY BOND,,,
['opensource'],20240101_20240101_0545,مه خفه کیږه,!مه خپه کېږه,pus,سید عبد الله الافغاني,2024-01-01T00:00:00Z
['opensource'],random-flushyourmeds,"['misc', 'random videos', 'conspiracy', 'conspiracy theory', 'manifesto', 'ramble', 'primary water', 'jews', 'jewry', 'zionism', 'globalism', 'talmud', 'nwo', 'one world government', 'torah', 'kabbalah', 'secret societies', 'freemasonry', 'one world religion', 'dictatorship', 'censorship', 'despotism', 'activism', 'whistleblowing', 'literary nonsense', 'nonsense', 'bs', 'bull', 'flushyourmeds', 'flush your meds', 'scott a. barry', 'scott a barry', 'scott alan barry', 'scott barry', 'archive everything', 'mp4', 'zip', 'how to archive', 'tutorials', 'computers', 'linux', 'fringe']",Random Videos #flushyourmeds Scott Barry,eng,Scott Barry,2025-01-10T00:00:00Z
['opensource'],rastaportesta15,rastapor,RASTAPOR,,,
"['opensource', 'community']",raven-wreath-xii,"['Hitchabitch', 'Nightspace', 'dsr', 'RavenWreath']",Raven Wreath,,,
"['opensource', 'community']",raven-wreatha,"['Hitchabitch', 'Nightspace', 'dsr', 'RavenWreath', 'SandSaw', 'prompts']",Raven Wreatha,,,
"['opensource', 'community']",readings_20190918,PhD autumn school,Readings,English,,
['opensource'],realistic-weapons-sounds,Realistic Weapons Sounds,Realistic Weapons Sounds,,,
"['opensource', 'community']",ramadan_20220930_1405,Ramadan,Ramadan,,,
['opensource'],sejda-BWHJTO,demura.tv,sejda-BWHJTO,,,
['opensource'],scholarshiplives.com-up-scholarship-2023-available-registration-form-other-details_202309,UP Scholarship,Scholarshiplives.com UP Scholarship 2023 Available Registration Form Other Details,,,
"['opensource', 'community']",school14jun,invitation prog,school14jun,,,
['opensource'],screenshot-2025-03-11-13-49-13-108-cn.wps.moffice-eng,"['有组织纠缠', '脑控', '情报信息']","有组织纠缠,脑控,西方情报信息",,,
"['opensource', 'community']",scriptx_20210402,scriptx,scriptx,,,
"['opensource', 'community']",sdzarc,,sdzarc,,,
"['opensource', 'community']",screenchots-khlystun-maksym,Укрзалізниця,Screenchots Khlystun Maksym,,,
"['opensource', 'community']",script-RS,script,script,,,
['opensource'],scriptNew,ss,scriptNew,,,
"['opensource', 'community']",script_20210729,scre,script,,,
"['opensource', 'community']",script_20230331_0612,fd,script,,,
"['opensource', 'community']",rpta4,84ti4,rpta4,,,
['opensource'],rs_20240821_202408,cc,RS,,,
"['opensource', 'community']",rtv_cnnpostcardfonts,Rock the Vote,Rock the Vote CNN Postcard Fonts and US Weekly,eng,Rock the Vote,
"['opensource', 'community']",rss-feeds-1,RSS feed fix,Rss Feeds 1,English,,
"['opensource', 'community']",shu_mail_123,БГПУ,123,,,
"['opensource', 'community']",shqiptv2011,ds,shqiptv2011,,,
"['opensource', 'community']",siencerooms.com_20130923,boko,HARMONICGM,,,
"['opensource', 'community']",signed_20220323_0929,jguiu,signed,,,
"['opensource', 'community']",setup-24,fgrt809756870856086509,setup-24,,,
"['opensource', 'community']",server-98764-864,Server_98764_864,Server 98764 864,,,
['opensource'],sens_pro_760,"['RAR', 'PDF']",sens_pro_760,,,
"['opensource', 'community']",redhat_Info,2tret,Info,English,,
['opensource'],report-on-swachh-bharat,SWACH BHARAT,REPORT ON SWACHH BHARAT,,,
"['opensource', 'community']",rftjtikyuoyilo,checkin,rftjtikyuoyilo,,,
"['opensource', 'community']",shexa,snsndndnd,shexa,,,
"['opensource', 'community']",shell_202006,Shell,shell,English,,
['opensource'],shaikh-tamim-al-adnani_20230729_1734,আখিরুজ্জামান সিরিজ Shaikh Tamim Al Adnani ummah network - ummah news - ibadah - salihat - voice of islam - reality check bd/hd,কিয়ামতের ছোট আলামত আখিরুজ্জামান সিরিজ পর্ব ০১ Shaikh Tamim Al Adnani,,,
"['opensource', 'community']",sans-titre,olla,sans-titre,,,
"['opensource', 'community']",saptube,"['saptube', 'wiliam dev']",saptube,,,
"['opensource', 'community']",santagrinch,free,santagrinch,,,
"['opensource', 'community']",sarah-marble-stewart-journal_202005,"['Journal', 'Stewart', 'Marble']",Journal of Sarah Marble Stewart,english-handwritten,Sarah Marble Stewart,1936-01-01T00:00:00Z
['opensource'],personalised-lockable-diary,personalised lockable diary,Personalised Lockable Diary | Poshieca.com,,,
['opensource'],1_20251101,مخطوطات مكتبة مراد ملا,نسخ مصنف ابن أبي شيبة 1,,,
"['opensource', 'community']",piano.7z,piano.7z,piano.7z,,,
"['opensource', 'community']",pics-art_202212,Ff,Pics Art,,,
"['opensource', 'community']",pika_20210428,pikaa,pika,,pikaa,
['opensource'],pilgrimage_202009,Pilgrimage,Pilgrimage,,,
"['opensource', 'community']",pl_20220727,.,pl,,,
"['opensource', 'community']",pinguidos5,text,text,,,
['opensource'],playercorefactory_202310,Playxml,playercorefactory,,,
"['opensource', 'community']",playlist_generator,nuthin,playlist_generator,,me,1111-11-11T00:00:00Z
['opensource'],plugin.video.movistarplus-0.8.17,kodi,plugin.video.movistarplus-0.8.17,,,
"['opensource', 'community']",playerjs_202302,playerjs,playerjs,,,
['opensource'],playlist-1_202311,Picture Member,PLAYLIST 1,eng,Picture Member,2023-11-08T00:00:00Z
['opensource'],playlist-5,Picture Member,PLAYLIST 5,eng,Picture Member,2023-11-08T00:00:00Z
['opensource'],playlist-6,Picture Member,PLAYLIST 6,eng,Picture Member,2023-11-08T00:00:00Z
"['opensource', 'community']",planetstream14,test,planetstream14,English,,
"['opensource', 'community']",perfildevalacaussosu,"['osu', 'profile', '2020']",Perfil De Valacauss Osu!,English,,2020-03-04T00:00:00Z
['opensource'],periodicaltars,periodicals,periodicaltars,,,
"['opensource', 'community']",photo_2021-08-23_14-43-28,g,photo_2021-08-23_14-43-28,,,
"['opensource', 'community']",physical-education-pedagogy_20210827,Physical education pedagogy,Physical Education Pedagogy,eng,GENESIS,2021-08-27T00:00:00Z
['opensource'],geo-boda-1,test,GEO BODA ( 1),,,
"['opensource', 'community']",penerbitbukuindiepress.WordPress.2022-02-15,blog,penerbitbukuindiepress.WordPress.2022-02-15,,,
"['opensource', 'community']",peliculas.epg-3_20221219,E,Peliculas.epg ( 3),,,
"['opensource', 'community']",peliculas.epg-3_20221223,E,Peliculas.epg ( 3),,E,
"['opensource', 'community']",peliculas.epg-5_20221224_0028,4,Peliculas.epg ( 5,,,
['opensource'],pd-libros-48-leyes-del-poder_202410,ffffffffffffffffff,[PD] Libros 48 Leyes Del Poder,,,
"['opensource', 'community']",pepiiiiii,pepiiii,pepiiiiii,,,
"['opensource', 'community']",olaexecutive,OLA executive condominium,OLA Executive,,,
['opensource'],systemic-resonance-framework-v-1_202510,Framework,Systemic Resonance Framework V 1,eng,Emanuele Aiello,2025-10-31T00:00:00Z
['opensource'],r-051-pldt_202409,pldt,R 051 PLDT,eng,freekonek,2024-09-22T00:00:00Z
['opensource'],sacred-freedom-western-liberalist-ideologies-in-the-light-of-islam-haneef-oliver-2,Islam,Sacred Freedom: Western Liberalist Ideas in the Light of Islam,eng,,
['opensource'],rough-night-support-4,"['valeastra', 'vale astra', 'memory', 'context', 'page conclusion', 'evolution', 'reddit', 'the watcher', '627pm', '04092025']",Rough Night Support 4,,Valeastra,2025-04-09T00:00:00Z
"['opensource', 'community']",romppt-23,Bible,ROMPPT 23,,,
['opensource'],reMarkable.app,Personal Development,reMarkable.app,,,
"['opensource', 'community']",saved-pictures_20220923,hfcvbhjn,Saved Pictures,,,
"['opensource', 'community']",sax1854PereiradaSilva,"['saxofone', 'Brasil', 'músicos']",sax1854PereiradaSilva,por,jornal da epoca,
"['opensource', 'community']",sah_20201024,gf,sah,German,,
['opensource'],prophecies-and-more,"['Prophecies', 'Prophetic Judgment', 'Wrath Of God', 'Prophecies And More']",PROPHECIES AND MORE,,,
['opensource'],prophecies-downloads,"['PROPHECIES', 'DOWNLOADS', 'Prophecy']",PROPHECIES DOWNLOADS,,,
['opensource'],prophecies-zipped,"['PROPHECIES', 'ZIPPED', 'Prophecy']",PROPHECIES ZIPPED,,,
"['opensource', 'community']",proust-said-that-issue-10-for-archive.org,"['Proust', 'Proust Said That', 'P Segal']",Proust Said That Issue 10,eng,P Segal,2020-11-01T00:00:00Z
"['opensource', 'community']",prueba_20201224,1,Prueba,,,
"['opensource', 'community']",prvepre201920fromjeffery20190603t14122,"['budget', 'data']",PRV EPRE 2019 20 From Jeffery 2019 06 03t 1412 ( 2),English,,
['opensource'],presentacion-maniobra-de-desmontaje-de-desaereador,IAN,PRESENTACION MANIOBRA DE DESMONTAJE DE DESAEREADOR,ell,Creador del contenido,
"['opensource', 'community']",president2012masr,checkin,president2012masr,,,
['opensource'],ppp_20240509,text,ppp,,,
"['opensource', 'community']",primary-class-8-kcpe-second-prediction,Primary class 8 kcpe second prediction,PRIMARY CLASS 8 KCPE SECOND PREDICTION,eng,GENESI2021,2023-01-06T00:00:00Z
['opensource'],programa-2022-ana-silvia,HISTORIA ARTE POLITICA Argentina Nacional,Programa 2022 Ana Silvia,,,
"['opensource', 'community']",publicrecordsrequestkatyprangeofsenmarklein,"['Senator Howard Marklein', 'Legislative Staff', 'Katy Prange', 'Emails', 'Public Records']",Public records request Katy Prange Of Sen Marklein,eng,,
"['opensource', 'community']",pubg-vimas-2.1.0-1658355800,N,PUBG_VIMAS 2.1.0-1658355800,,,
"['opensource', 'community']",pubg0.16.0_20200108,PUPGG16,PUBG 0.16.0,,,
"['opensource', 'community']",pubg18_nogers_rcol_UAE,PUBG18_NoGers_Rcol,PUBG 0.18.0,,,
['opensource'],publicidadcertificada.sunarp.gob.pe-servicio-verCertificado-MD2A37CY4JWC40637,,CONTENT 016 2025 UA,,,
"['opensource', 'community']",ptx123,fgddgdfgdfg,Ptx 123,,,
"['opensource', 'community', 'fav-jumpsuitascended']",ps3-linux-docs-08.06.09,"['ps3', 'linux', 'cell', 'docs', 'html']",ps3-linux-docs-08.06.09,,,
"['opensource', 'community']",pubg-joker-hijackerv-19.3,nj,PUBG JOKER HIJACKERV 19.3,English,,
"['opensource', 'community']",pubgnoaimpotuaeapps0.17.0,PUBG_0.17.0_noAimpot_UAEAPPS,Pubg No Aimpot( UAEAPPS 0.17.0),Corsican,,
"['opensource', 'community']",pythonista-joker,J,pythonista-joker,,,
"['opensource', 'community']",positiveandinspiringindex,gg,positiveandinspiringindex,,,
"['opensource', 'community']",posts_202005,clueless,posts,English,,
"['opensource', 'community']",poly88brochureandsalesdocs,"['poly88', 's100', 'vintage', 'computer']",Poly88 brochure and sales docs,eng,polymorphic systems,
"['opensource', 'community']",taurine_20210914,Hh,Taurine,,,
"['opensource', 'community']",t-02_20220918,T 02,T 02,,,
"['opensource', 'community']",t_20200923,script ps1,t,English,,
"['opensource', 'community']",sunny-tom-black,"['Font', 'Bold']",sunny-tom-black,eng,Harrison Luke,2020-01-01T00:00:00Z
['opensource'],superhero-contacts,abc,Superhero Contacts,,,
"['opensource', 'community']",superhero_202004,superhero,superhero,English,,
['opensource'],thefallodthefrench,no,the fall of the french,eng,me,2025-01-23T00:00:00Z
['opensource'],1930-01-01-armitage-trail-scarface.pdf,scarf,1930 01 01 Armitage Trail Scarface.pdf,,,
['opensource'],20240412_20240412_1434,Greater Bangla,"'একুশে'র মিথ, 'জয় বাংলা'র মিথ্যা ৪ বঙ্গদেশ",ben,,
"['opensource', 'community']",uks_20211027,Uks45,Uks45,,,
"['opensource', 'community']",2010.05.09TheWordOfGodOnTheSixthSundayAfterPassoverOfTheBlindManFromBirth,"['The Word of God', 'New Jerusalem', 'Romania The New Jerusalem', 'rapture of the Church', 'Judgment', 'apocalyptic fire', 'Resurrection of the dead', 'advent', 'angel', 'announcement', 'bride', 'celebration', 'almsgiving', 'climb', 'clouds', 'days', 'drummed', 'Elijah', 'Enoch', 'fearsome', 'glory', 'God', 'Gospel', 'heaven', 'heavens', 'Jerusalem', 'judgment', 'kingdom', 'lightning', 'Lord', 'Man', 'mountain', 'mysterious', 'New', 'Noah', 'power', 'preaching', 'fals Prophet', 'prophets', 'Romania', 'Son', 'strike', 'sunrise', 'sunset', 'temple', 'throne', 'unfold', 'Word', 'The antichrist and the apocalyptic beast', 'beast', 'antichrist', 'apocalyptic beast', 'red beast', 'great tribulation', 'ecumenism']","2010.05.09 - The Word of God on the sixth Sunday after Passover, of the blind man from birth",eng,Jesus Christ,
"['opensource', 'community']",twitter-owl,11,Twitter Owl,English,,
['opensource'],presentation-vibewear-elevate-your-vibe,"[""Men's Fashion"", 'Casual Style', 'Streetwear', 'Smart Casual', 'Athleisure', 'Trendy Outfits', 'Fashion For Men', 'Style And Comfort', 'Modern Look']",Presentation Vibewear Elevate Your Vibe,eng,Aanchal yadav,2025-11-01T00:00:00Z
"['opensource', 'community']",un-c_20220904,No keyy,Un C,,,
"['opensource', 'community']",unhappy-wallpapers-hd,Unhappy Wallpapers HD,Unhappy Wallpapers HD,English,,
"['opensource', 'community']",ungu_20220722,Ungu253,Ungu253,,,
"['opensource', 'community']",unc-0ver-k_20220714,rag re,Unc 0ver K,,,
"['opensource', 'community']",unc0ver_20210903_2151,Beheg,unc0ver,,,
['opensource'],uncertain_convolk,"['music', 'html']",CONVOLK - Uncertain (SC),,CONVOLK,2019-12-04T00:00:00Z
"['opensource', 'community']",uncover6.0,6.0,uncover6.0,,,
"['opensource', 'community']",titto,checkin,titto,,,
"['opensource', 'community']",tk-5-spoofer-x,2,Tk 5 Spoofer X,,,
"['opensource', 'community']",aqidah-09154,4,Aqidah 09154 جذور مقالة التعطيل وأثرها على الفرق المنحرفة في باب,,,
"['opensource', 'community']",gbv-revs-2006b-04-23-2012-2019,Guide By Voices 1996 Tour with V3,GBV Revs 2006b 04 23 2012 2019,English,,
['opensource'],gaframzen,Ruhaziat,Emaloyt nimtast,,,
"['opensource', 'community']",auto-brewery-syndrome-in-hindi,"['uto Brewery', 'Motivationalpoems']",Auto Brewery Syndrome In Hindi,,,
"['opensource', 'community']",up_20230311,vfgv,Up,,,
"['opensource', 'community']",veneers-in-sacramento,Sacramento veneers,Veneers In Sacramento,,,
"['opensource', 'community']",comparative-perspective-of-cbc-implementation,Comparative perspective of CBC implementation,Comparative Perspective Of CBC Implementation,eng,GENSESIS 2021,2022-10-14T00:00:00Z
"['opensource', 'community']",tommya_202111,Tommya63,Tommya63,,,
['opensource'],tva-bok-0031557-guide-to-the-record-dist-madura-1935-vol-1,Madura,TVA BOK 0031557 Guide To The Record Dist Madura 1935 Vol 1,,,
"['opensource', 'community']",twoagainworld_20220204_0718,petty,Twoagainworld,,petty,
['opensource'],toronto-pearson-growth-connectivity-capacity,"['Planning', 'Canada', 'Ontario', 'Toronto', 'Pearson', 'Airport', 'CIP']","Toronto Pearson: Growth, Connectivity, Capacity",eng,Urban Strategies Inc.,2015-09-01T00:00:00Z
"['opensource', 'community']",pubg_20221223_202212,uvu,pubg,,,
"['opensource', 'community']",tuythandaobaohoanggiatieudiachu_202110,ca,xml01,,,
['opensource'],second-eresources-on-school-refusal,refusal education studies,Second Eresources On School Refusal,eng,GNESIS2024,2024-03-06T00:00:00Z
['opensource'],sante-interdite1,MMS2023,sante-interdite[1],,,
"['opensource', 'community']",jhikugyug,checkin,jhikugyug,,,
"['opensource', 'community']",glb_20210625,seoworlk,Glb,,,
['opensource'],gofrag.ru-my-garage,l/,[gofrag.ru] My Garage,,,
"['opensource', 'community']",goba_20210906,f,Goba,,,
['opensource'],godCONTROLpsp,dsads,godCONTROLpsp,,,
"['opensource', 'community']",gll50IxT,"['cloud', 'jwplayer']",gll50IxT,por,,
"['opensource', 'community']",gomunie,fdsfsd,gomunie,,,
"['opensource', 'community']",5QU94WG8B,Arquivo Pessoal,5QU94WG8B,,,
"['opensource', 'community']",google_group_ufo-collective,,Google Group: ufo-collective,English,,
"['opensource', 'community']",google-services_202108,hfthftgh,google-services,,,
"['opensource', 'community']",pdf-b-c,PDFS,PDF B C,,,
['opensource'],martosudiro-dictionary-5507,Kamus Inggris Indonesia Martosudiro Dictionary 5507,Kamus Inggris Indonesia Martosudiro Dictionary 5507,ind,Edi Supriyanto,2024-08-27T00:00:00Z
['opensource'],time5,time5,time5,,,
"['opensource', 'community']",vavoo.json_20210815,u,vavoo.json,eng,jhaIPOEW,2021-08-14T00:00:00Z
['opensource'],viecuscom,bkflsvccs,viecus,,viebybro,
"['opensource', 'community']",yi-1_20210831_20210831,YI 124,YI 124,,,
"['opensource', 'community']",historias-de-terror,Terror,Histórias de terror,,,
"['opensource', 'community']",unc-0ver_20210111,Hhahaha,Unc 0ver,,,
"['opensource', 'community']",neocities-fsfederation-feb-04-2020,"['neocities', 'fsfederation', 'backup']",neocities-fsfederation-feb-04-2020,English,"figosdev, others",2020-02-04T00:00:00Z
"['opensource', 'community']",top-habits-that-can-ruin-your-credit-score-in-2023,"""Improve your financial literacy""",Top Habits That Can Ruin Your Credit Score In 2023,,,
"['opensource', 'community']",VideshiPicturesZipWithS2,विदेशीचलचित्रसंक्षेपशसे २,VideshiPicturesZipWithS2,,,
['opensource'],student-card-regal-academy_202412,"['Regal Academy', 'academy', 'fairy', 'tales', 'contos', 'de fadas', 'carteirinha', 'carteira', 'estudante', 'student', 'ID', 'Card', 'member']",Carteirinha de Estudante da Regal Academy,,,
"['opensource', 'community']",FootballRunner,Runner,FootballRunner Amazon,English,,
"['opensource', 'community', 'fav-amy_rebecca']",bluza-rr-50-58-ros,dfgdfg,Bluza Rr 50 58 Ros,,,
"['opensource', 'community']",yunowadidis-renoise-keybindings,settings,Yunowadidis Renoise Key Bindings,English,,
"['opensource', 'community']",exemplo_201909,Exempliño,Exemplo,Portuguese,,
"['opensource', 'community']",warnung,"['Zeitungsente', 'Krokodil', 'Wissen Macht Ah', 'Not True']",Zeitungsente: Krokodile im Teich (2009),ger,,2009-05-30T00:00:00Z
['opensource'],the-world-at-a-crossroads-by-aaron-j-clarke-final-edit,"['Science fiction', 'supernatural', 'dystopian']",The World At A Crossroads By Aaron J Clarke Final Edit,eng,Aaron J Clarke,2025-03-17T00:00:00Z
['opensource'],vr-addicts-gameshow-questions-july,"['vraddicts', 'july', 'gameshow', 'questions', '2024']",VR Addicts Gameshow Questions ( July) (2024),english-handwritten,VR Addicts,2024-07-16T00:00:00Z
['opensource'],veterans-burial-records-for-livingston-county-from-joseph-p.-reis-archive-collection-circa-1938,"['pontiac', 'illinois', 'livingston county historical society']",Veterans Burial Records For Livingston County From Joseph P. Reis Archive Collection Circa 1938,,Dale C. Maley,1938-01-01T00:00:00Z
['opensource'],lauerman-clean-hydrogen-civil-war-series-part-1-the-evidence,metanet,Lauerman Clean Hydrogen Civil War Series Part 1 The Evidence,eng,,
"['opensource', 'community']",tsoh_20190715,Contemporary Philosophy.,~ The Spectrum of Hostility. ~,eng,Davide Lombardo,2019-07-15T00:00:00Z
['opensource'],library-visit-11-5-24,"['Library Visit', 'Larchmont Library']",Library Visit 11/5/24,deu,,
['opensource'],love-of-property,"['#Love', '#of', '#property']",Love Of Property,eng,Hüseyn Hilmi Işık,2024-12-26T00:00:00Z
"['opensource', 'community']",lcsblog,"['San Diego Janitorial Services', 'Commercial Cleaning', 'office Cleaning', 'Carpet cleaning services', 'Carpet cleaning San Diego']",LCS Blog,eng,LCS Janitorial Services,
['opensource'],DTRJRURG,DTRJRURG,DTRJRURG,,,
['opensource'],pub-131-lab-103121-tracey-qiao-yin-ho,PUB 131,PUB 131 Lab 103121 Tracey Qiao Yin Ho,,Tracey Ho,2021-11-02T00:00:00Z
['opensource'],publicidadcertificada.sunarp.gob.pe-servicio-vercertificado-_20240326_1701,,BHL311_TIVE,,,
['opensource'],vidas-de-los-sofistas-filo-strato,"['Filosofía', 'Historia']",Vidas De Los Sofistas FILÓ STRATO,,,
"['opensource', 'community']",webwe24_gmail_Web,"['طراحی سایت', 'بهینه سازی سایت']",web,,,
"['opensource', 'community']",Account_201706,Account is text,Account,English,,
['opensource'],B-001-001-897-NLA,"['A300', 'NoLongerAvailable', 'NoLongerAvailableNW']",The Evolution of God (NLA),eng,Robert Wright,2009-01-01T00:00:00Z
['opensource'],B-001-002-775-NLA,"['A300', 'NoLongerAvailable', 'NoLongerAvailableNW']",Gluten Free Diet. N015 (NLA),eng,Chekmed Systems,
['opensource'],B-001-003-634-NLA,"['PDF', 'NoLongerAvailable', 'NoLongerAvailableNW']","Silverlight 4 Data and Services Cookbook. Over 85 practical recipes for creating rich, data-driven business applications in Silverlight (NLA)",eng,"['Gill Cleeren', 'Kevin Dockx']",2010-01-01T00:00:00Z
"['opensource', 'community']",BruceHennes-ClevelandBusinessConnectsInterview,"['how to speak', 'presentation training', 'crisis communications', 'social etiquette']",Bruce Hennes - Cleveland Business Connects Interview,,,
"['opensource', 'community']",hcq_20200430_202004,"['HCQ', 'Effectiveness', 'CV19', 'WUHAN', 'FLU', 'HYDROCHLOROQUINE']",HCQ,,,
"['opensource', 'community']",1S2.0S0957582005712817Main_201805,Suicide in England and Wales 1861–2007: a time-trends analysis,Suicide in England and Wales 1861–2007: a time-trends analysis,English,,
"['opensource', 'community']",actividad-7-estadisticayprobabilidad,gvdsgb,Actividad 7 Estadisticayprobabilidad,,,
"['opensource', 'community']",a_Test_201508,azerty,test,,,
"['opensource', 'community']",papua-neuguinea-leistet-der-marokkanitat-der-sahara-gegenuber-beistand,Max Hufanen Rai,Papua Neuguinea Leistet Der Marokkanität Der Sahara Gegenüber Beistand,German,,
['opensource'],abstraction-a-jewish-critique-of-political-economy,Judaism,Abstraction A Jewish Critique Of Political Economy,eng,,
"['opensource', 'community']",programm-plus-134,Program-Radioshows,Program for Radiostation Vol. 134,deu,,
"['opensource', 'community']",problem-solving-answers,problem-solving-answers,problem-solving-answers,,Dr. Hamdy El-Atfy,
"['opensource', 'community']",RetratoDaAlmaAtualizado_201801,"['poesia', 'veros', 'poiemas']",Retrato Da Alma Atualizado,por,Adauto Neves,2018-01-28T00:00:00Z
['opensource'],possible_202504,a,possible,,,
"['opensource', 'fav-charulekha']",ocmp_the-stories-of-cottagers-1857-robert-lee,"['Funded-By-IKS-MoE', 'IKS-Chambal', 'Chambal-Archives-Etawah', 'Chambal-Archives-Nyas', 'चम्बल अभिलेखागार इटावा', 'Etawah-Collection']",The Stories Of Cottagers 1857 Robert Lee,,Robert Lee,
['opensource'],niedertrauiwacher-zittung-1,N° 1 (juin 2014),Nìedertràuiwàcher Zittung 1,fra,,
"['opensource', 'community']",T_687,11,هَذَا مُغتسَلٌ باردٌ وشرابٌ,,,
"['opensource', 'community']",r-nonewnormal-subreddit-archive.-7z,"['nonewnormal', 'archive', 'reddit', 'subreddit', 'community', 'banned', 'conspiracy', '2020', '2021']",Top 250 posts of r/nonewnormal,eng,,
['opensource'],november-blog-2024_202412,Web Development Services in Prayagraj Best Website Development Services in Prayagraj Digital Marketing Services in Prayagraj Financial Advisory Services in Prayagraj Best digital marketing agency in prayagraj,BPO Outsourcing services in Prayagraj,eng,,
"['opensource', 'community']",pragmatismanewn00jameuoft,checkin,pragmatismanewn00jameuoft,,,
"['opensource', 'community']",probatoria,draw,probatoria,eng,Waikiki knife,2011-07-27T00:00:00Z
"['opensource', 'community']",test_20201229_20201229,json,test,,,
"['opensource', 'community']",Tarbia2zadNew2,a,Tarbia 2zad New 2,English,,
"['opensource', 'community']",Tafreeqh_56,Abu Dhafir,Tafreeqh,,,
"['opensource', 'community']",2006part26Archive,no,2006part 26 Archive,English,,
"['opensource', 'community']",WhatIsSizeofxExpressionEqualToXBeingDefinedAscharxn,pvs-studio,"What is sizeof(&X) expression equal to, X being defined as ""char *X[n];""?",,,
"['opensource', 'community']",ivs_20200429,Information,IVS,English,,
"['opensource', 'fav-lucas_moura_quaresma']",january-1-2005-in-usa,2005,"January 1, 2005 in United States of America","['English', 'English (USA)']","['United States', '2005']",2005-01-01T00:00:00Z
"['opensource', 'community']",20210808_20210808_0359,shiite,مصابيح الظلام في آيات الايام= آيات الولايه,,,
['opensource'],infinitely-mario-mario-paint,"['proseka', 'project sekai', 'Kagirinaku haiiro e']",Infinitely Mario] Mario Paint,,me,2024-05-05T00:00:00Z
"['opensource', 'community']",20210928_20210928_1856,"['كتاب', 'المزهر', 'في', 'شرح', 'الشاطبية', 'والدر', 'محول']",المزهر في شرح الشاطبية والدرة,,,
"['opensource', 'community']",articles-about-books-films-that-inspire-george-lucas,"['star wars', 'George Lucas']","Articles about books, films that inspire George Lucas",eng,,
"['opensource', 'community']",audioplayer_20200430_2112,script,audioPlayer,English,,
"['opensource', 'community']",index_20200701,dq2,index,English,,
"['opensource', 'community']",spacefighterproject4,"['Hyperspace', 'Hilbert Cube']",spacefighterproject4,English,Angelo,2017-10-26T00:00:00Z
['opensource'],splitsider-doug-kenney,"['Doug Kenney', 'National Lampoon', 'Animal House', 'SNL']",Splitsider: Doug Kenney,eng,Ellin Stein,2018-02-13T00:00:00Z
"['opensource', 'community']",south-america-bibles,"['South America', 'Bibles']",South America Bibles,,,
"['opensource', 'community']",snap2g2-7,edwd,snap2g2,,,
"['opensource', 'community']",sneedopets,poop,Sneedopets,,,
"['opensource', 'community']",athbttray.exe,mui,athbttray.exe,eng,,2011-01-01T00:00:00Z
['opensource'],educational-and-general-reader-ebooks,Edu and general reader ebooks,Educational And General Reader Ebooks,eng,GENESIS2023,2023-06-30T00:00:00Z
['opensource'],error_20231221,xc,Error,,,
"['opensource', 'community']",cenxray_20201116_1610,g,Cenxray,,,
"['opensource', 'community']",autobiographyofh00geor_0_daisy,Henry,autobiographyofh00geor_0_daisy,English,,
['opensource'],av_13,_,AV 13,,,
"['opensource', 'community']",FurtherReflectionsOnVeritasOuroborosTheActionOfTheModelWaveEquationInPhysicalSys_20190422_2321,Quantum gravity & new time paradigm.,Further Reflections On Veritas & Ouroboros + The Action Of The Model Wave Equation In Physical Systems 23 April 2019 ( Autosaved),English,Matagouri,2019-04-23T00:00:00Z
"['opensource', 'community']",FalmouthPublicLibraryMAThreeVoyagesOfAugustusLawrence2006.044.005,"['Logbooks', 'Ships logs', 'Massachusetts', 'Falmouth', 'Ship’s papers', 'Famouth (Mass)', 'Commerce', 'whaling']","Falmouth Public Library, MA Three Voyages Of Augustus Lawrence 2006.044.005",English,,
"['opensource', 'community']",diapositiva-17-clasificacion-y-organizacion-de-series-documentales-codigo-sds-bys-ins-002,Series documentales,Diapositiva 17 Clasificación Y Organización De Series Documentales Código SDS BYS INS 002,,,
['opensource'],zSWR_illustrations-from-multi-text-sharada-manuscript-sarvanand-koul-premi-collection-part-10,Collection of Pt. Sarvanand Koul Premi,Illustrations From Multi Text Sharada Manuscript Sarvanand Koul Premi Collection Part 10,,Sarvanand Koul Premi Collection_Part10,
['opensource'],a_santa_missa_testemunho_de_catalina,"['A Santa Missa', 'Catalina', 'Testemunho de Catalina']",a_santa_missa_testemunho_de_catalina,,Catalina,2004-03-02T00:00:00Z
"['opensource', 'community']",ajoqdashkan,kihgamoz,matadopiz,,,
"['opensource', 'community']",all-of-us-would-have-heard-about-hiring-an-app-dev,"['SEO Company in Delaware', 'magento developers middletown', 'magento development company usa wordpress development agency']",All Of Us Would Have Heard About Hiring An App Dev,eng,,
"['opensource', 'community']",all_20210310,hj,ALL,,,
"['opensource', 'community']",abosalim,aboslim,abosalim,,,
"['opensource', 'community']",bac2014ge,1,BAC 2014 GE,,,
"['opensource', 'community']",file_20230124,keywords,file,,,
['opensource'],20240504_20240504_0841,崔老道传奇：三探无底洞,崔老道传奇：三探无底洞,,,
['opensource'],20241001_20241001_0216,腾讯,腾讯广告 帮助中心 通用规则 公序良俗,,,
['opensource'],astatic-d-104-review-wc-3-k-2001_202503,Radioamateur,Astatic D 104 Review WC 3 K 2001,eng,,
"['opensource', 'community']",economia-politica-uma-introducao-critica_202010,Hsu,Economia Política Uma Introdução Crítica,Portuguese,,
"['opensource', 'community']",async_20210520,a,async,,,
['opensource'],maus-proyecto-literatura-6to-2024,"['hi', 'how are u ? fine? thats ok']","Maus Proyecto, Literatura 6to, 2024",,,
['opensource'],g10_20250423,gestion conflit cours HEC Montreal,g10,fre,Ophelie Boisvert,2025-04-23T00:00:00Z
['opensource'],genesis-en-merged,Jewish Judaism Old-testament Sefaria,Genesis En Merged (English),eng,,
"['opensource', 'community']",el-hombre-contra-el-estado_202203,Estado liberal,El Hombre Contra El Estado,,,
"['opensource', 'community']",TQBFInP,"['TQBF', 'SAT', 'NP', 'P']",TQBF In P,,Juan Manuel Dato Ruiz,
"['opensource', 'community']",u-2001-.,"['Byzantium Novum', 'rar file']",Δημητροκάλλης [ 2001] ΓΕΡΑΚΙ. ΟΙ ΤΟΙΧΟΓΡΑΦΙΕΣ ΤΩΝ ΝΑΩΝ ΤΟΥ ΚΑΣΤΡΟΥ,,,2001-01-01T00:00:00Z
"['opensource', 'community']",donate4_20191227,x,donate4,English,,
['opensource'],HTML_scaling,"['HTML', 'software']",scaling,,,
['opensource'],update-1_202503,update,Update 1,,,
"['opensource', 'community']",book-of-printing-techniques,تحميل كتاب ملخص الفنيات,Book Of Printing Techniques,,,
"['opensource', 'community']",bingoblackseries2,"['Numbers, Bingo', 'Free Space']",Bingo (Black Series--Cards 201 to 300),eng,Marty (Costa Mesa),2013-01-01T00:00:00Z
"['opensource', 'community']",i3_20210118,"['new innovative business Interpretation', 'startup business ideas in india', 'top entrepreneurs of india']",i3,eng,,2021-01-18T00:00:00Z
['opensource'],bloquinho-de-anotacoes-colorido-regal-academy,"['Regal Academy', 'cartoon', 'desenho', 'animado', 'bloquinho', 'colorido', 'anotações', 'faça você mesmo', 'DIY', 'cartone animato', 'post it']",Bloquinho de Anotações (colorido) – Regal Academy,,,
"['opensource', 'community']",https-erasebook.infoarticlesvideo-unavailable-social-media-platforms-remove-evid,Censorship,https-::erasebook.info:articles:video-unavailable-social-media-platforms-remove-evidence-of-war-crimes?utm_campaign=shareaholic&utm_medium=email_this&utm_source=email,English,,
"['opensource', 'community', 'fav-christopher_nam']",love-16-20210530-t-235717-z-001,"['Victoria Coren', 'Victoria Coren Mitchell']","Love 16 Love, parents and other problems",eng,Victoria Coren,1989-01-01T00:00:00Z
['opensource'],competitive-intelligence-strategies-for-consulting-firms-to-outperform-rivals,"['Competitive intelligence strategies', 'Competitive intelligence', 'Consulting firms', 'Data analytics']",Competitive Intelligence Strategies For Consulting Firms To Outperform Rivals,eng,,
"['opensource', 'community']",concepto-tecnico-tic,Concepto técnico,Concepto Técnico TIC,eng,,
"['opensource', 'community']",PrivacyPoliciesAndTermsOfUse,PRIVACY,Privacy Policies And Terms Of Use,English,,
['opensource'],cmc-docs,Professional,Certified Management Consultant documents,,Francis Mok,2025-03-09T00:00:00Z
['opensource'],189006a-PassengerListsof0549unit,HistoricalPreservation,189006a-PassengerListsof0549unit,english-handwritten,EllisIsland,1890-06-31T00:00:00Z
['opensource'],1-cardiac-muscle-and-smooth-muscle,histology lec cp,1 Cardiac Muscle And Smooth Muscle,eng,,
"['opensource', 'community']",106sp552,INTEGRAL/SPI,Search for a light dark matter annihilation signal in the Sagittarius Dwarf Galaxy,eng,,
"['opensource', 'community']",1071296,tecdoc,1071296,,,
"['opensource', 'community']",0fa6daa4d9698cb924a60c00f12e018f,0fa 6daa 4d 9698cb 924a 60c 00f 12e 018f,0fa 6daa 4d 9698cb 924a 60c 00f 12e 018f,,,
['opensource'],1-1956-correspondence-sept.-1-21-1956-downgall-reel-551110-frames-780-976-2,"['Art History', 'American Folk Art']","1 1956 Correspondence, Sept. 1 21, 1956 Downgall Reel 551110 Frames 780 976 2",eng,,
"['opensource', 'community']",convoy-finland-2022-channel-chat-export-2022-02-06,"['social action', 'convoy finland 2022', 'mielenosoitus', 'syvä pääty']",Convoy Finland 2022 Channel Chat Export 2022-02-06,,,2022-02-06T00:00:00Z
['opensource'],copster_202407,rss,copster,,,
"['opensource', 'community']",contact_me_202005,contact_me,contact_me,English,,
"['opensource', 'community']",conntrol,non,conntrol,,,
['opensource'],constitution-of-nepal,Nepal Constitution,Constitution Of Nepal,,,
['opensource'],cointelpro-and-misc,"['vtcxyz', 'vonthecreat0r', 'ASHLEIGH MUNASHE DEVE']",COINTELPRO And Misc,,,
"['opensource', 'community']",com.mod.bussid.modbussidbusmbois.bussimulatorid_202208,dasd,com.mod.bussid.modbussidbusmbois.bussimulatorid,,,
['opensource'],1984-szczepanski-miernik-pentaconta_202505,www.elektroda.pl,1984 Szczepanski Miernik Pentaconta,,,
"['opensource', 'community']",clan_20220809,Bzbs,clan,,,
['opensource'],class-files-and-books,"['ucla', 'cee', 'environ', 'college']",UCLA Class Files And Books (CEE & ENVIRON),,,
"['opensource', 'community']",css_dhsusd7,css,css,English,W3schools,
"['opensource', 'community']",crypter1_202103,asdknaskdn,crypter1,,,
['opensource'],ctr-psx-pusat,dad,Ctr PSX Pusat,,,
['opensource'],instead-of-prisons-table-of-contents,"['prison abolition', 'decarceration']",Instead Of Prisons Table Of Contents,,,
"['opensource', 'community']",hfdhdhfhd,hhghggh,hfdhdhfhd,,,
"['opensource', 'community']",dataon_20210418_1833,Lots Sports,dataON,,,
"['opensource', 'community']",dataon_20210419,SAKURA school simulator,dataON,,,
"['opensource', 'community']",datatobroi,hjh,datatobroi,,,
"['opensource', 'community']",dash_20230418,Dash,dash,,Dash,
"['opensource', 'community']",data.-009_20210108,fh0r9yyet8i9ryt86080,Data. 009,,,
"['opensource', 'community']",data.-009_20210109_0523,f8rt896r780965867580986590,Data. 009,,,
"['opensource', 'community']",datalist,datalist,datalist,,,
"['opensource', 'community']",dataon.json,host,dataON,,,
"['opensource', 'community']",dataon_20210307_1847,Siri iphone,dataON,,,
['opensource'],datasets_20240223,"['Machine learning', 'darasets']",datasets,,,
"['opensource', 'community']",davide-dev2.sanfrancisco.archive.org,,davide-dev2.sanfrancisco.archive.org,eng,,
"['opensource', 'community']",dd7_20220610_20220610,dd7,dd7,,,
"['opensource', 'community']",comrade-andropov-would-not-dream-of-such-tremendous-success,"['Clinton', 'McConnell', 'Alison Grimes', 'Andropov', 'election fraud']",comrade-andropov-would-not-dream-of-such-tremendous-success,English,,
['opensource'],corto-helveticas,hq,corto-helveticas,por,,
"['opensource', 'community']",correspondencia-4a-condessa-de-melo-20200728-t-125049-z-001,"['Correspondências', 'Condessa de Melo', 'Portugal']",Correspondências 4ª Condessa de Melo,eng,Condessa de Melo,2020-07-28T00:00:00Z
"['opensource', 'community']",crosspromot_202006,erwadadad,gd pornite 3,English,,
"['opensource', 'community']",dc1_20210914,dc1433,dc1433,,,
"['opensource', 'community']",dc1_20220117,dc134,dc134,,,
"['opensource', 'community']",a-beautiful-story-which-once-again-points-to-allahs-uluww-multaqa-ahl-al-hadeeth,Uluww,"A Beautiful Story, Which Once Again Points To Allah's ' Uluww Multaqa Ahl Al Hadeeth",English,,
['opensource'],fisica_202504,physicis,Física,,,
"['opensource', 'community']",fullprof_20210213,Pugee,FULL VIP.Plist,,,
['opensource'],game-extras-for-ea-titles,,Game extras for EA titles,,Electronic Arts,2022-01-01T00:00:00Z
['opensource'],galla-placidia-archive-20240213-t-225726-z-001,"['Gallaplacidia', 'drarry', 'harry potter fic', 'galla placidia']",Galla Placidia Archive 20240213 T 225726 Z 001,eng,Gallaplacidia,
"['opensource', 'community']",game-with,Gamewith Nier,【ニーアリィンカーネーション】周回おすすめクエストまとめ【リィンカネ】 ゲームウィズ( Game With),,,
"['opensource', 'community']",funnystuffindex,hh,funnystuffindex,,,
['opensource'],english_20240429,KS,english,eng,,
['opensource'],aesthetics_202502,Art,Aesthetics,eng,,
"['opensource', 'community']",20210119-02-tue-01-cc-002-003-05-j-00-bayport-park-plaground-exh-02-playground-design,"['Alameda City Council Meeting January 19', '2021 Item 5-I Density Bonus for Ed Murphy project - Exhibit 2 Tract Map']",20210119 02 TUE 01 CC 002 003 05 J 00 Bayport Park Plaground Exh 02 Playground Design,eng,,
"['opensource', 'community']",english-christian-ebook-ebcwa-bible-commentary-ot-books-daniel-malachi-english,"['EBCWA Bible Commentary OT BOOKS DANIEL MALACHI English', 'English Christian Ebook', 'Christian Ebook']",EBCWA Bible Commentary OT BOOKS DANIEL MALACHI English,eng,,2022-05-20T00:00:00Z
['opensource'],electrical_man_202402,"['unreleasedmanuscript', 'superhero']",Electrical Man,,,
['opensource'],eclats2vers.tar_202402,"['music', 'poetry', 'math', 'geometry', 'meditation', 'yoga', 'unix']",eclats2vers.tar,,chimay,2024-02-22T00:00:00Z
