record_id,field,problem,severity,current_value,fix_suggestion
yeni-internet-kisayolu,creator,Missing required field,CRITICAL,,[Needs manual review]
yeni-internet-kisayolu,date,Missing required field,CRITICAL,,[Needs manual review]
ucla-tau-beta-pi-test-bank-11-27-2021,creator,Missing required field,CRITICAL,,[Needs manual review]
ucla-tau-beta-pi-test-bank-11-27-2021,date,Missing required field,CRITICAL,,[Needs manual review]
2016082220160823_201608,creator,Missing required field,CRITICAL,,[Needs manual review]
2016082220160823_201608,date,Missing required field,CRITICAL,,[Needs manual review]
hopenationrssfeed_201610,creator,Missing required field,CRITICAL,,[Needs manual review]
hopenationrssfeed_201610,date,Missing required field,CRITICAL,,[Needs manual review]
hopenationrssfeed_201610,language,Non-standard language code,MEDIUM,english,eng
SatRss_20170415,creator,Missing required field,CRITICAL,,[Needs manual review]
SatRss_20170415,date,Missing required field,CRITICAL,,[Needs manual review]
SatRss_20170415,language,Non-standard language code,MEDIUM,english,eng
guisettings_20160411,creator,Missing required field,CRITICAL,,[Needs manual review]
guisettings_20160411,date,Missing required field,CRITICAL,,[Needs manual review]
guisettings_20160411,language,Non-standard language code,MEDIUM,english,eng
ListingXMLtestJulyCopy,creator,Missing required field,CRITICAL,,[Needs manual review]
ListingXMLtestJulyCopy,date,Missing required field,CRITICAL,,[Needs manual review]
ListingXMLtestJulyCopy,language,Non-standard language code,MEDIUM,english,eng
all_2,creator,Missing required field,CRITICAL,,[Needs manual review]
all_2,date,Missing required field,CRITICAL,,[Needs manual review]
all_2,language,Non-standard language code,MEDIUM,english,eng
kitchen_201804,creator,Missing required field,CRITICAL,,[Needs manual review]
kitchen_201804,date,Missing required field,CRITICAL,,[Needs manual review]
kitchen_201804,language,Non-standard language code,MEDIUM,english,eng
TheWongTakes19_RSS,creator,Missing required field,CRITICAL,,[Needs manual review]
TheWongTakes19_RSS,date,Missing required field,CRITICAL,,[Needs manual review]
TheWongTakes19_RSS,language,Non-standard language code,MEDIUM,english,eng
ClarishasPlaylists,creator,Missing required field,CRITICAL,,[Needs manual review]
ClarishasPlaylists,date,Missing required field,CRITICAL,,[Needs manual review]
ClarishasPlaylists,language,Non-standard language code,MEDIUM,english,eng
telesphoreo-mailinglists,date,Missing required field,CRITICAL,,[Needs manual review]
KIDSChannels,creator,Missing required field,CRITICAL,,[Needs manual review]
KIDSChannels,date,Missing required field,CRITICAL,,[Needs manual review]
KIDSChannels,language,Non-standard language code,MEDIUM,english,eng
rhilariodasilva_ymail_Man_20180113,creator,Missing required field,CRITICAL,,[Needs manual review]
rhilariodasilva_ymail_Man_20180113,date,Missing required field,CRITICAL,,[Needs manual review]
rhilariodasilva_ymail_Man_20180113,language,Non-standard language code,MEDIUM,english,eng
AdvancedSettings_201705,creator,Missing required field,CRITICAL,,[Needs manual review]
AdvancedSettings_201705,date,Missing required field,CRITICAL,,[Needs manual review]
AdvancedSettings_201705,language,Non-standard language code,MEDIUM,english,eng
RSSFeedRohas,creator,Missing required field,CRITICAL,,[Needs manual review]
RSSFeedRohas,date,Missing required field,CRITICAL,,[Needs manual review]
RSSFeedRohas,language,Non-standard language code,MEDIUM,english,eng
sport_20171126_0301,creator,Missing required field,CRITICAL,,[Needs manual review]
sport_20171126_0301,date,Missing required field,CRITICAL,,[Needs manual review]
sport_20171126_0301,language,Non-standard language code,MEDIUM,english,eng
phantom_201804,creator,Missing required field,CRITICAL,,[Needs manual review]
phantom_201804,date,Missing required field,CRITICAL,,[Needs manual review]
phantom_201804,language,Non-standard language code,MEDIUM,english,eng
xipa.Dr.dros6,creator,Missing required field,CRITICAL,,[Needs manual review]
xipa.Dr.dros6,date,Missing required field,CRITICAL,,[Needs manual review]
about-os-x-lion,language,Non-standard language code,MEDIUM,english,eng
primeiraregrapodcast_gmail_Feed_20180214,creator,Missing required field,CRITICAL,,[Needs manual review]
primeiraregrapodcast_gmail_Feed_20180214,date,Missing required field,CRITICAL,,[Needs manual review]
primeiraregrapodcast_gmail_Feed_20180214,language,Non-standard language code,MEDIUM,english,eng
MusicMenu_201805,creator,Missing required field,CRITICAL,,[Needs manual review]
MusicMenu_201805,date,Missing required field,CRITICAL,,[Needs manual review]
MusicMenu_201805,language,Non-standard language code,MEDIUM,english,eng
phantom_20180402,creator,Missing required field,CRITICAL,,[Needs manual review]
phantom_20180402,date,Missing required field,CRITICAL,,[Needs manual review]
phantom_20180402,language,Non-standard language code,MEDIUM,english,eng
TvShowMenu_201805,creator,Missing required field,CRITICAL,,[Needs manual review]
TvShowMenu_201805,date,Missing required field,CRITICAL,,[Needs manual review]
TvShowMenu_201805,language,Non-standard language code,MEDIUM,english,eng
supernatushow_201804,creator,Missing required field,CRITICAL,,[Needs manual review]
supernatushow_201804,date,Missing required field,CRITICAL,,[Needs manual review]
supernatushow_201804,language,Non-standard language code,MEDIUM,english,eng
devoltaparaataverna_gmail_Feed,creator,Missing required field,CRITICAL,,[Needs manual review]
devoltaparaataverna_gmail_Feed,date,Missing required field,CRITICAL,,[Needs manual review]
devoltaparaataverna_gmail_Feed,language,Non-standard language code,MEDIUM,english,eng
PersistRatesAndAvailability3,creator,Missing required field,CRITICAL,,[Needs manual review]
PersistRatesAndAvailability3,date,Missing required field,CRITICAL,,[Needs manual review]
PersistRatesAndAvailability3,language,Non-standard language code,MEDIUM,english,eng
com.davincistudio.blackholeio,creator,Missing required field,CRITICAL,,[Needs manual review]
com.davincistudio.blackholeio,date,Missing required field,CRITICAL,,[Needs manual review]
com.davincistudio.blackholeio,language,Non-standard language code,MEDIUM,english,eng
2017-12-000003,creator,Missing required field,CRITICAL,,[Needs manual review]
2017-12-000003,date,Missing required field,CRITICAL,,[Needs manual review]
rss.xml_201712,creator,Missing required field,CRITICAL,,[Needs manual review]
rss.xml_201712,date,Missing required field,CRITICAL,,[Needs manual review]
rss.xml_201712,language,Non-standard language code,MEDIUM,english,eng
google_group_alt.radio.networks.cbc,creator,Missing required field,CRITICAL,,[Needs manual review]
google_group_alt.radio.networks.cbc,date,Missing required field,CRITICAL,,[Needs manual review]
google_group_alt.radio.networks.cbc,language,Non-standard language code,MEDIUM,english,eng
google_group_rec.radio.broadcasting,creator,Missing required field,CRITICAL,,[Needs manual review]
google_group_rec.radio.broadcasting,date,Missing required field,CRITICAL,,[Needs manual review]
ProhibitionAndResistanceASocioPoliticalExplorationOfTheChangingDynamicsOfTheSout,creator,Missing required field,CRITICAL,,[Needs manual review]
ProhibitionAndResistanceASocioPoliticalExplorationOfTheChangingDynamicsOfTheSout,date,Missing required field,CRITICAL,,[Needs manual review]
install_20180905_2005,creator,Missing required field,CRITICAL,,[Needs manual review]
install_20180905_2005,date,Missing required field,CRITICAL,,[Needs manual review]
install_20180905_2005,language,Non-standard language code,MEDIUM,english,eng
gloomap.xml,creator,Missing required field,CRITICAL,,[Needs manual review]
gloomap.xml,date,Missing required field,CRITICAL,,[Needs manual review]
gmail-fwd-5-xpnxq-63-eoba-5-btgjn-4-uxoloxm-you-tube-copyright-complaint-submiss,creator,Missing required field,CRITICAL,,[Needs manual review]
gmail-fwd-5-xpnxq-63-eoba-5-btgjn-4-uxoloxm-you-tube-copyright-complaint-submiss,date,Missing required field,CRITICAL,,[Needs manual review]
xnet_969,creator,Missing required field,CRITICAL,,[Needs manual review]
xnet_969,date,Missing required field,CRITICAL,,[Needs manual review]
6.2V.4ylFnepoRLissAndroidMAX_20170325,creator,Missing required field,CRITICAL,,[Needs manual review]
6.2V.4ylFnepoRLissAndroidMAX_20170325,date,Missing required field,CRITICAL,,[Needs manual review]
war-poem,creator,Missing required field,CRITICAL,,[Needs manual review]
war-poem,date,Missing required field,CRITICAL,,[Needs manual review]
war-poem,language,Non-standard language code,MEDIUM,english,eng
trongsinhsautathanhvaiac,creator,Missing required field,CRITICAL,,[Needs manual review]
trongsinhsautathanhvaiac,date,Missing required field,CRITICAL,,[Needs manual review]
trsob16_rss,creator,Missing required field,CRITICAL,,[Needs manual review]
trsob16_rss,date,Missing required field,CRITICAL,,[Needs manual review]
trsob3_rss,creator,Missing required field,CRITICAL,,[Needs manual review]
trsob3_rss,date,Missing required field,CRITICAL,,[Needs manual review]
truth_202302,creator,Missing required field,CRITICAL,,[Needs manual review]
truth_202302,date,Missing required field,CRITICAL,,[Needs manual review]
OLIBRecordExport,creator,Missing required field,CRITICAL,,[Needs manual review]
OLIBRecordExport,date,Missing required field,CRITICAL,,[Needs manual review]
OLIBRecordExport,language,Non-standard language code,MEDIUM,english,eng
tresporciento2,creator,Missing required field,CRITICAL,,[Needs manual review]
tresporciento2,date,Missing required field,CRITICAL,,[Needs manual review]
toon_20220625_202206,creator,Missing required field,CRITICAL,,[Needs manual review]
toon_20220625_202206,date,Missing required field,CRITICAL,,[Needs manual review]
tor-proxy,creator,Missing required field,CRITICAL,,[Needs manual review]
tor-proxy,date,Missing required field,CRITICAL,,[Needs manual review]
torbox-20230310-v052,creator,Missing required field,CRITICAL,,[Needs manual review]
torbox-20230310-v052,date,Missing required field,CRITICAL,,[Needs manual review]
ultrabox,creator,Missing required field,CRITICAL,,[Needs manual review]
ultrabox,date,Missing required field,CRITICAL,,[Needs manual review]
ultrabox,language,Non-standard language code,MEDIUM,english,eng
unc-0ver-k_20210821,creator,Missing required field,CRITICAL,,[Needs manual review]
unc-0ver-k_20210821,date,Missing required field,CRITICAL,,[Needs manual review]
unc-0ver_20210112,creator,Missing required field,CRITICAL,,[Needs manual review]
unc-0ver_20210112,date,Missing required field,CRITICAL,,[Needs manual review]
unc0ver_20211029,creator,Missing required field,CRITICAL,,[Needs manual review]
unc0ver_20211029,date,Missing required field,CRITICAL,,[Needs manual review]
uncle-f,creator,Missing required field,CRITICAL,,[Needs manual review]
uncle-f,date,Missing required field,CRITICAL,,[Needs manual review]
turkish-questions,creator,Missing required field,CRITICAL,,[Needs manual review]
turkish-questions,date,Missing required field,CRITICAL,,[Needs manual review]
ui.min_202202,creator,Missing required field,CRITICAL,,[Needs manual review]
ui.min_202202,date,Missing required field,CRITICAL,,[Needs manual review]
twitter-2020-06-22-93eccd5ac1d067e3ac15b2b85ba56b5a4354f0bbc2c4c1d50e43d56d46ce8c27,language,Non-standard language code,MEDIUM,english,eng
twitter_20191113,creator,Missing required field,CRITICAL,,[Needs manual review]
twitter_20191113,date,Missing required field,CRITICAL,,[Needs manual review]
tydyfuih,creator,Missing required field,CRITICAL,,[Needs manual review]
tydyfuih,date,Missing required field,CRITICAL,,[Needs manual review]
tr10.10.2019,creator,Missing required field,CRITICAL,,[Needs manual review]
tr10.10.2019,date,Missing required field,CRITICAL,,[Needs manual review]
unc0ver_20210129,creator,Missing required field,CRITICAL,,[Needs manual review]
unc0ver_20210129,date,Missing required field,CRITICAL,,[Needs manual review]
unc0ver_20210131_1330,creator,Missing required field,CRITICAL,,[Needs manual review]
unc0ver_20210131_1330,date,Missing required field,CRITICAL,,[Needs manual review]
ungu_20210930,creator,Missing required field,CRITICAL,,[Needs manual review]
ungu_20210930,date,Missing required field,CRITICAL,,[Needs manual review]
tuan.-vu-lien.-khuc.-bong.-co.-may,creator,Missing required field,CRITICAL,,[Needs manual review]
tuan.-vu-lien.-khuc.-bong.-co.-may,date,Missing required field,CRITICAL,,[Needs manual review]
tuan.-vu-lien.-khuc.-bong.-co.-may,language,Non-standard language code,MEDIUM,english,eng
tubemate-youtube-downloader-2-4-8,creator,Missing required field,CRITICAL,,[Needs manual review]
tubemate-youtube-downloader-2-4-8,date,Missing required field,CRITICAL,,[Needs manual review]
tubemate-youtube-downloader-2-4-8,language,Non-standard language code,MEDIUM,english,eng
wireless-world-vol-32-january_202504,creator,Missing required field,CRITICAL,,[Needs manual review]
wireless-world-vol-32-january_202504,date,Missing required field,CRITICAL,,[Needs manual review]
working-capital-funding,creator,Missing required field,CRITICAL,,[Needs manual review]
working-capital-funding,date,Missing required field,CRITICAL,,[Needs manual review]
wallpaper_v2_20210126,creator,Missing required field,CRITICAL,,[Needs manual review]
wallpaper_v2_20210126,date,Missing required field,CRITICAL,,[Needs manual review]
wiley2016,creator,Missing required field,CRITICAL,,[Needs manual review]
wiley2016,date,Missing required field,CRITICAL,,[Needs manual review]
wiley2016,language,Non-standard language code,MEDIUM,english,eng
worlds_best_mystery_6_1108_librivox_202412,creator,Missing required field,CRITICAL,,[Needs manual review]
worlds_best_mystery_6_1108_librivox_202412,date,Missing required field,CRITICAL,,[Needs manual review]
xai_20230325,creator,Missing required field,CRITICAL,,[Needs manual review]
xai_20230325,date,Missing required field,CRITICAL,,[Needs manual review]
xd.txtiabsasi-2,creator,Missing required field,CRITICAL,,[Needs manual review]
xd.txtiabsasi-2,date,Missing required field,CRITICAL,,[Needs manual review]
402_20250106_202501,creator,Missing required field,CRITICAL,,[Needs manual review]
402_20250106_202501,date,Missing required field,CRITICAL,,[Needs manual review]
2025-04-14-t-215304.041,creator,Missing required field,CRITICAL,,[Needs manual review]
2025-04-14-t-215304.041,date,Missing required field,CRITICAL,,[Needs manual review]
20250113_20250113_0723,creator,Missing required field,CRITICAL,,[Needs manual review]
20250113_20250113_0723,date,Missing required field,CRITICAL,,[Needs manual review]
499-alabama-street-unit-123-noi,date,Missing required field,CRITICAL,,[Needs manual review]
wwgwrg,creator,Missing required field,CRITICAL,,[Needs manual review]
wwgwrg,date,Missing required field,CRITICAL,,[Needs manual review]
www-widgetapi,creator,Missing required field,CRITICAL,,[Needs manual review]
www-widgetapi,date,Missing required field,CRITICAL,,[Needs manual review]
artissumatratruck,creator,Missing required field,CRITICAL,,[Needs manual review]
artissumatratruck,date,Missing required field,CRITICAL,,[Needs manual review]
arabicbooksaboutbirds,creator,Missing required field,CRITICAL,,[Needs manual review]
arabicbooksaboutbirds,date,Missing required field,CRITICAL,,[Needs manual review]
arabicbooksaboutbirds,language,Non-standard language code,MEDIUM,english,eng
arbsteam-1_202106,creator,Missing required field,CRITICAL,,[Needs manual review]
arbsteam-1_202106,date,Missing required field,CRITICAL,,[Needs manual review]
taiwan-and-new-zealand-show-business-travels-future-financial-times,creator,Missing required field,CRITICAL,,[Needs manual review]
world-languages-bibles_202407,creator,Missing required field,CRITICAL,,[Needs manual review]
world-languages-bibles_202407,date,Missing required field,CRITICAL,,[Needs manual review]
wvc_backup_20221120_2114,creator,Missing required field,CRITICAL,,[Needs manual review]
wvc_backup_20221120_2114,date,Missing required field,CRITICAL,,[Needs manual review]
y2_20230121,creator,Missing required field,CRITICAL,,[Needs manual review]
y2_20230121,date,Missing required field,CRITICAL,,[Needs manual review]
yi-1_20210831,creator,Missing required field,CRITICAL,,[Needs manual review]
yi-1_20210831,date,Missing required field,CRITICAL,,[Needs manual review]
yjuyyyjjghj,creator,Missing required field,CRITICAL,,[Needs manual review]
yjuyyyjjghj,date,Missing required field,CRITICAL,,[Needs manual review]
yourwebview_202105,creator,Missing required field,CRITICAL,,[Needs manual review]
yourwebview_202105,date,Missing required field,CRITICAL,,[Needs manual review]
SpaguettiConexion,date,Missing required field,CRITICAL,,[Needs manual review]
wpf-app-5,creator,Missing required field,CRITICAL,,[Needs manual review]
wpf-app-5,date,Missing required field,CRITICAL,,[Needs manual review]
xplus_20190513,creator,Missing required field,CRITICAL,,[Needs manual review]
xplus_20190513,date,Missing required field,CRITICAL,,[Needs manual review]
xipa.chyaapps_202010,creator,Missing required field,CRITICAL,,[Needs manual review]
xipa.chyaapps_202010,date,Missing required field,CRITICAL,,[Needs manual review]
watched_guide,creator,Missing required field,CRITICAL,,[Needs manual review]
watched_guide,date,Missing required field,CRITICAL,,[Needs manual review]
watched_guide,language,Non-standard language code,MEDIUM,english,eng
weedsymbol,creator,Inconsistent capitalization,MEDIUM,WE EXIST EVEN DEAD,We Exist Even Dead
wgcaster_backup,creator,Missing required field,CRITICAL,,[Needs manual review]
wgcaster_backup,date,Missing required field,CRITICAL,,[Needs manual review]
well-known,creator,Missing required field,CRITICAL,,[Needs manual review]
well-known,date,Missing required field,CRITICAL,,[Needs manual review]
update_20230410,creator,Missing required field,CRITICAL,,[Needs manual review]
update_20230410,date,Missing required field,CRITICAL,,[Needs manual review]
up_20220925_20220925_1920,creator,Missing required field,CRITICAL,,[Needs manual review]
up_20220925_20220925_1920,date,Missing required field,CRITICAL,,[Needs manual review]
update19_201910,creator,Missing required field,CRITICAL,,[Needs manual review]
update19_201910,date,Missing required field,CRITICAL,,[Needs manual review]
update19_201910,language,Non-standard language code,MEDIUM,english,eng
user-script_20240915_2336,creator,Inconsistent capitalization,MEDIUM,tonnis,Tonnis
user-script_20240917_0241,creator,Inconsistent capitalization,MEDIUM,tonnis,Tonnis
urn_webprotege_ontology_c0b8701e-374c-4d5a-bc60-970f0cba1976,creator,Missing required field,CRITICAL,,[Needs manual review]
urn_webprotege_ontology_c0b8701e-374c-4d5a-bc60-970f0cba1976,date,Missing required field,CRITICAL,,[Needs manual review]
watusi2_202002,date,Missing required field,CRITICAL,,[Needs manual review]
watusi2_202002,language,Non-standard language code,MEDIUM,english,eng
watusi2_202002,creator,Inconsistent capitalization,MEDIUM,hshsh,Hshsh
vol.-11-no.-1-2-3-2022,creator,Missing required field,CRITICAL,,[Needs manual review]
vol.-11-no.-1-2-3-2022,date,Missing required field,CRITICAL,,[Needs manual review]
vpnmundohead,creator,Missing required field,CRITICAL,,[Needs manual review]
vpnmundohead,date,Missing required field,CRITICAL,,[Needs manual review]
vs26.t4r,creator,Missing required field,CRITICAL,,[Needs manual review]
vs26.t4r,date,Missing required field,CRITICAL,,[Needs manual review]
vocacove,creator,Missing required field,CRITICAL,,[Needs manual review]
vocacove,date,Missing required field,CRITICAL,,[Needs manual review]
vocaloid-songs-covers,creator,Missing required field,CRITICAL,,[Needs manual review]
vocaloid-songs-covers,date,Missing required field,CRITICAL,,[Needs manual review]
vocaloid-songs-covers,language,Non-standard language code,MEDIUM,english,eng
version-number-scanner,creator,Missing required field,CRITICAL,,[Needs manual review]
version-number-scanner,date,Missing required field,CRITICAL,,[Needs manual review]
virus_202005,creator,Missing required field,CRITICAL,,[Needs manual review]
virus_202005,date,Missing required field,CRITICAL,,[Needs manual review]
virus_202005,language,Non-standard language code,MEDIUM,english,eng
view1_201909,date,Missing required field,CRITICAL,,[Needs manual review]
view1_201909,language,Non-standard language code,MEDIUM,english,eng
video-qatar2022,creator,Missing required field,CRITICAL,,[Needs manual review]
video-qatar2022,date,Missing required field,CRITICAL,,[Needs manual review]
video-star-12.2.4-1706612420,creator,Missing required field,CRITICAL,,[Needs manual review]
video-star-12.2.4-1706612420,date,Missing required field,CRITICAL,,[Needs manual review]
video-star_SajadApp,creator,Missing required field,CRITICAL,,[Needs manual review]
video-star_SajadApp,date,Missing required field,CRITICAL,,[Needs manual review]
videostar_20210929,creator,Missing required field,CRITICAL,,[Needs manual review]
videostar_20210929,date,Missing required field,CRITICAL,,[Needs manual review]
usa_20211012,creator,Missing required field,CRITICAL,,[Needs manual review]
usa_20211012,date,Missing required field,CRITICAL,,[Needs manual review]
user_20240328_202403,creator,Missing required field,CRITICAL,,[Needs manual review]
user_20240328_202403,date,Missing required field,CRITICAL,,[Needs manual review]
user_20240328_20240328,creator,Missing required field,CRITICAL,,[Needs manual review]
user_20240328_20240328,date,Missing required field,CRITICAL,,[Needs manual review]
vdi_20210827,creator,Missing required field,CRITICAL,,[Needs manual review]
vdi_20210827,date,Missing required field,CRITICAL,,[Needs manual review]
vdoc.pub_the-art-of-cars.cbz,creator,Missing required field,CRITICAL,,[Needs manual review]
vdoc.pub_the-art-of-cars.cbz,date,Missing required field,CRITICAL,,[Needs manual review]
tvt_20230608_202306,creator,Missing required field,CRITICAL,,[Needs manual review]
tvt_20230608_202306,date,Missing required field,CRITICAL,,[Needs manual review]
zayavl_abdul,creator,Missing required field,CRITICAL,,[Needs manual review]
zayavl_abdul,date,Missing required field,CRITICAL,,[Needs manual review]
yuny-tekhnik-2007-2022,creator,Missing required field,CRITICAL,,[Needs manual review]
yuny-tekhnik-2007-2022,date,Missing required field,CRITICAL,,[Needs manual review]
worldzine-links,creator,Missing required field,CRITICAL,,[Needs manual review]
facebook_videodump1_7z.7z,date,Missing required field,CRITICAL,,[Needs manual review]
facebook_videodump1_7z.7z,creator,Inconsistent capitalization,MEDIUM,me,Me
ActiveSaskFiresReport_2025-01-27,creator,Missing required field,CRITICAL,,[Needs manual review]
ActiveSaskFiresReport_2025-01-27,date,Missing required field,CRITICAL,,[Needs manual review]
ConcursoMalagaIICeuta,creator,Missing required field,CRITICAL,,[Needs manual review]
ConcursoMalagaIICeuta,date,Missing required field,CRITICAL,,[Needs manual review]
EduInvestmentWithCodeing1,creator,Missing required field,CRITICAL,,[Needs manual review]
EduInvestmentWithCodeing1,date,Missing required field,CRITICAL,,[Needs manual review]
oop-project,date,Missing required field,CRITICAL,,[Needs manual review]
batang_20250107,date,Missing required field,CRITICAL,,[Needs manual review]
avg_internet_security_setup_202404,creator,Missing required field,CRITICAL,,[Needs manual review]
avg_internet_security_setup_202404,date,Missing required field,CRITICAL,,[Needs manual review]
placeholder.txt,creator,Missing required field,CRITICAL,,[Needs manual review]
placeholder.txt,date,Missing required field,CRITICAL,,[Needs manual review]
market-financial-journal-latest-finance-news-stock-market-updates-crypto-trends,date,Missing required field,CRITICAL,,[Needs manual review]
market-financial-journal-latest-finance-news-stock-market-updates-crypto-trends,creator,Inconsistent capitalization,MEDIUM,investment,Investment
north-korean-foreign-vehicles-namu-wiki,creator,Missing required field,CRITICAL,,[Needs manual review]
north-korean-foreign-vehicles-namu-wiki,date,Missing required field,CRITICAL,,[Needs manual review]
wayback-machine-2_202511,creator,Missing required field,CRITICAL,,[Needs manual review]
wayback-machine-2_202511,date,Missing required field,CRITICAL,,[Needs manual review]
varlam-shalamov-nikolaj-dostal.-serial-zaveshchanie-lenina.-recenzii,creator,Missing required field,CRITICAL,,[Needs manual review]
varlam-shalamov-nikolaj-dostal.-serial-zaveshchanie-lenina.-recenzii,date,Missing required field,CRITICAL,,[Needs manual review]
sasya_202111,creator,Missing required field,CRITICAL,,[Needs manual review]
sasya_202111,date,Missing required field,CRITICAL,,[Needs manual review]
wikineosvrcom-20231018-wikidump,creator,Missing required field,CRITICAL,,[Needs manual review]
tk_Dogry_ynanc_we_ony_bozyan_zatlar,creator,Missing required field,CRITICAL,,[Needs manual review]
tk_Dogry_ynanc_we_ony_bozyan_zatlar,date,Missing required field,CRITICAL,,[Needs manual review]
reaccion_383,date,Missing required field,CRITICAL,,[Needs manual review]
reaccion_383,creator,Inconsistent capitalization,MEDIUM,guillermo soler,Guillermo Soler
44AbTrainingArchive,creator,Missing required field,CRITICAL,,[Needs manual review]
44AbTrainingArchive,date,Missing required field,CRITICAL,,[Needs manual review]
44AbTrainingArchive,language,Non-standard language code,MEDIUM,english,eng
tameenat2009,creator,Missing required field,CRITICAL,,[Needs manual review]
tameenat2009,date,Missing required field,CRITICAL,,[Needs manual review]
textfile,creator,Missing required field,CRITICAL,,[Needs manual review]
textfile,date,Missing required field,CRITICAL,,[Needs manual review]
sifat-shalat-nabi-jilid-2_20251127,creator,Missing required field,CRITICAL,,[Needs manual review]
sifat-shalat-nabi-jilid-2_20251127,date,Missing required field,CRITICAL,,[Needs manual review]
guisettings_201906,creator,Missing required field,CRITICAL,,[Needs manual review]
guisettings_201906,date,Missing required field,CRITICAL,,[Needs manual review]
guisettings_201906,language,Non-standard language code,MEDIUM,english,eng
guia_20230610,creator,Missing required field,CRITICAL,,[Needs manual review]
guia_20230610,date,Missing required field,CRITICAL,,[Needs manual review]
guide_202301,creator,Missing required field,CRITICAL,,[Needs manual review]
guide_202301,date,Missing required field,CRITICAL,,[Needs manual review]
guide_online_20200716,creator,Missing required field,CRITICAL,,[Needs manual review]
guide_online_20200716,date,Missing required field,CRITICAL,,[Needs manual review]
guide_online_20200807,creator,Missing required field,CRITICAL,,[Needs manual review]
guide_online_20200807,date,Missing required field,CRITICAL,,[Needs manual review]
guide_online_20201028,creator,Missing required field,CRITICAL,,[Needs manual review]
guide_online_20201028,date,Missing required field,CRITICAL,,[Needs manual review]
guide_online_20201116,creator,Missing required field,CRITICAL,,[Needs manual review]
guide_online_20201116,date,Missing required field,CRITICAL,,[Needs manual review]
guide_online_20210118,creator,Missing required field,CRITICAL,,[Needs manual review]
guide_online_20210118,date,Missing required field,CRITICAL,,[Needs manual review]
guide_online_V3_2,creator,Missing required field,CRITICAL,,[Needs manual review]
guide_online_V3_2,date,Missing required field,CRITICAL,,[Needs manual review]
hakroman1_202403,creator,Missing required field,CRITICAL,,[Needs manual review]
hakroman1_202403,date,Missing required field,CRITICAL,,[Needs manual review]
sticker_20211222,creator,Missing required field,CRITICAL,,[Needs manual review]
sticker_20211222,date,Missing required field,CRITICAL,,[Needs manual review]
gtaliberty-citywebview,creator,Missing required field,CRITICAL,,[Needs manual review]
gtaliberty-citywebview,date,Missing required field,CRITICAL,,[Needs manual review]
WelcometoEntertainmentFreedom_201603,creator,Missing required field,CRITICAL,,[Needs manual review]
WelcometoEntertainmentFreedom_201603,date,Missing required field,CRITICAL,,[Needs manual review]
WelcometoEntertainmentFreedom_201603,language,Non-standard language code,MEDIUM,english,eng
AQ-23,creator,Missing required field,CRITICAL,,[Needs manual review]
AQ-23,date,Missing required field,CRITICAL,,[Needs manual review]
000000000000000_000_iso13,creator,Missing required field,CRITICAL,,[Needs manual review]
000000000000000_000_iso13,date,Missing required field,CRITICAL,,[Needs manual review]
00000000up4mdl00000_004,creator,Missing required field,CRITICAL,,[Needs manual review]
00000000up4mdl00000_004,date,Missing required field,CRITICAL,,[Needs manual review]
0zgi84057,creator,Missing required field,CRITICAL,,[Needs manual review]
0zgi84057,date,Missing required field,CRITICAL,,[Needs manual review]
1.TLTotok,creator,Missing required field,CRITICAL,,[Needs manual review]
1.TLTotok,date,Missing required field,CRITICAL,,[Needs manual review]
07-sabbath,creator,Missing required field,CRITICAL,,[Needs manual review]
07-sabbath,date,Missing required field,CRITICAL,,[Needs manual review]
1.0.8PRO2,creator,Missing required field,CRITICAL,,[Needs manual review]
1.0.8PRO2,date,Missing required field,CRITICAL,,[Needs manual review]
1.0.8PRO2,language,Non-standard language code,MEDIUM,english,eng
1512546,date,Missing required field,CRITICAL,,[Needs manual review]
1512546,language,Non-standard language code,MEDIUM,english,eng
1512546,creator,Inconsistent capitalization,MEDIUM,qsffsf,Qsffsf
satap,creator,Missing required field,CRITICAL,,[Needs manual review]
satap,date,Missing required field,CRITICAL,,[Needs manual review]
5C891FF1_201708,creator,Missing required field,CRITICAL,,[Needs manual review]
5C891FF1_201708,date,Missing required field,CRITICAL,,[Needs manual review]
5C891FF1_201708,language,Non-standard language code,MEDIUM,english,eng
received-61-surety-bond,creator,Missing required field,CRITICAL,,[Needs manual review]
received-61-surety-bond,date,Missing required field,CRITICAL,,[Needs manual review]
rastaportesta15,creator,Missing required field,CRITICAL,,[Needs manual review]
rastaportesta15,date,Missing required field,CRITICAL,,[Needs manual review]
raven-wreath-xii,creator,Missing required field,CRITICAL,,[Needs manual review]
raven-wreath-xii,date,Missing required field,CRITICAL,,[Needs manual review]
raven-wreatha,creator,Missing required field,CRITICAL,,[Needs manual review]
raven-wreatha,date,Missing required field,CRITICAL,,[Needs manual review]
readings_20190918,creator,Missing required field,CRITICAL,,[Needs manual review]
readings_20190918,date,Missing required field,CRITICAL,,[Needs manual review]
readings_20190918,language,Non-standard language code,MEDIUM,english,eng
realistic-weapons-sounds,creator,Missing required field,CRITICAL,,[Needs manual review]
realistic-weapons-sounds,date,Missing required field,CRITICAL,,[Needs manual review]
ramadan_20220930_1405,creator,Missing required field,CRITICAL,,[Needs manual review]
ramadan_20220930_1405,date,Missing required field,CRITICAL,,[Needs manual review]
sejda-BWHJTO,creator,Missing required field,CRITICAL,,[Needs manual review]
sejda-BWHJTO,date,Missing required field,CRITICAL,,[Needs manual review]
scholarshiplives.com-up-scholarship-2023-available-registration-form-other-details_202309,creator,Missing required field,CRITICAL,,[Needs manual review]
scholarshiplives.com-up-scholarship-2023-available-registration-form-other-details_202309,date,Missing required field,CRITICAL,,[Needs manual review]
school14jun,creator,Missing required field,CRITICAL,,[Needs manual review]
school14jun,date,Missing required field,CRITICAL,,[Needs manual review]
screenshot-2025-03-11-13-49-13-108-cn.wps.moffice-eng,creator,Missing required field,CRITICAL,,[Needs manual review]
screenshot-2025-03-11-13-49-13-108-cn.wps.moffice-eng,date,Missing required field,CRITICAL,,[Needs manual review]
scriptx_20210402,creator,Missing required field,CRITICAL,,[Needs manual review]
scriptx_20210402,date,Missing required field,CRITICAL,,[Needs manual review]
sdzarc,creator,Missing required field,CRITICAL,,[Needs manual review]
sdzarc,date,Missing required field,CRITICAL,,[Needs manual review]
screenchots-khlystun-maksym,creator,Missing required field,CRITICAL,,[Needs manual review]
screenchots-khlystun-maksym,date,Missing required field,CRITICAL,,[Needs manual review]
script-RS,creator,Missing required field,CRITICAL,,[Needs manual review]
script-RS,date,Missing required field,CRITICAL,,[Needs manual review]
scriptNew,creator,Missing required field,CRITICAL,,[Needs manual review]
scriptNew,date,Missing required field,CRITICAL,,[Needs manual review]
script_20210729,creator,Missing required field,CRITICAL,,[Needs manual review]
script_20210729,date,Missing required field,CRITICAL,,[Needs manual review]
script_20230331_0612,creator,Missing required field,CRITICAL,,[Needs manual review]
script_20230331_0612,date,Missing required field,CRITICAL,,[Needs manual review]
rpta4,creator,Missing required field,CRITICAL,,[Needs manual review]
rpta4,date,Missing required field,CRITICAL,,[Needs manual review]
rs_20240821_202408,creator,Missing required field,CRITICAL,,[Needs manual review]
rs_20240821_202408,date,Missing required field,CRITICAL,,[Needs manual review]
rtv_cnnpostcardfonts,date,Missing required field,CRITICAL,,[Needs manual review]
rss-feeds-1,creator,Missing required field,CRITICAL,,[Needs manual review]
rss-feeds-1,date,Missing required field,CRITICAL,,[Needs manual review]
rss-feeds-1,language,Non-standard language code,MEDIUM,english,eng
shu_mail_123,creator,Missing required field,CRITICAL,,[Needs manual review]
shu_mail_123,date,Missing required field,CRITICAL,,[Needs manual review]
shqiptv2011,creator,Missing required field,CRITICAL,,[Needs manual review]
shqiptv2011,date,Missing required field,CRITICAL,,[Needs manual review]
siencerooms.com_20130923,creator,Missing required field,CRITICAL,,[Needs manual review]
siencerooms.com_20130923,date,Missing required field,CRITICAL,,[Needs manual review]
signed_20220323_0929,creator,Missing required field,CRITICAL,,[Needs manual review]
signed_20220323_0929,date,Missing required field,CRITICAL,,[Needs manual review]
setup-24,creator,Missing required field,CRITICAL,,[Needs manual review]
setup-24,date,Missing required field,CRITICAL,,[Needs manual review]
server-98764-864,creator,Missing required field,CRITICAL,,[Needs manual review]
server-98764-864,date,Missing required field,CRITICAL,,[Needs manual review]
sens_pro_760,creator,Missing required field,CRITICAL,,[Needs manual review]
sens_pro_760,date,Missing required field,CRITICAL,,[Needs manual review]
redhat_Info,creator,Missing required field,CRITICAL,,[Needs manual review]
redhat_Info,date,Missing required field,CRITICAL,,[Needs manual review]
redhat_Info,language,Non-standard language code,MEDIUM,english,eng
report-on-swachh-bharat,creator,Missing required field,CRITICAL,,[Needs manual review]
report-on-swachh-bharat,date,Missing required field,CRITICAL,,[Needs manual review]
rftjtikyuoyilo,creator,Missing required field,CRITICAL,,[Needs manual review]
rftjtikyuoyilo,date,Missing required field,CRITICAL,,[Needs manual review]
shexa,creator,Missing required field,CRITICAL,,[Needs manual review]
shexa,date,Missing required field,CRITICAL,,[Needs manual review]
shell_202006,creator,Missing required field,CRITICAL,,[Needs manual review]
shell_202006,date,Missing required field,CRITICAL,,[Needs manual review]
shell_202006,language,Non-standard language code,MEDIUM,english,eng
shaikh-tamim-al-adnani_20230729_1734,creator,Missing required field,CRITICAL,,[Needs manual review]
shaikh-tamim-al-adnani_20230729_1734,date,Missing required field,CRITICAL,,[Needs manual review]
sans-titre,creator,Missing required field,CRITICAL,,[Needs manual review]
sans-titre,date,Missing required field,CRITICAL,,[Needs manual review]
saptube,creator,Missing required field,CRITICAL,,[Needs manual review]
saptube,date,Missing required field,CRITICAL,,[Needs manual review]
santagrinch,creator,Missing required field,CRITICAL,,[Needs manual review]
santagrinch,date,Missing required field,CRITICAL,,[Needs manual review]
personalised-lockable-diary,creator,Missing required field,CRITICAL,,[Needs manual review]
personalised-lockable-diary,date,Missing required field,CRITICAL,,[Needs manual review]
1_20251101,creator,Missing required field,CRITICAL,,[Needs manual review]
1_20251101,date,Missing required field,CRITICAL,,[Needs manual review]
piano.7z,creator,Missing required field,CRITICAL,,[Needs manual review]
piano.7z,date,Missing required field,CRITICAL,,[Needs manual review]
pics-art_202212,creator,Missing required field,CRITICAL,,[Needs manual review]
pics-art_202212,date,Missing required field,CRITICAL,,[Needs manual review]
pika_20210428,date,Missing required field,CRITICAL,,[Needs manual review]
pika_20210428,creator,Inconsistent capitalization,MEDIUM,pikaa,Pikaa
pilgrimage_202009,creator,Missing required field,CRITICAL,,[Needs manual review]
pilgrimage_202009,date,Missing required field,CRITICAL,,[Needs manual review]
pl_20220727,creator,Missing required field,CRITICAL,,[Needs manual review]
pl_20220727,date,Missing required field,CRITICAL,,[Needs manual review]
pinguidos5,creator,Missing required field,CRITICAL,,[Needs manual review]
pinguidos5,date,Missing required field,CRITICAL,,[Needs manual review]
playercorefactory_202310,creator,Missing required field,CRITICAL,,[Needs manual review]
playercorefactory_202310,date,Missing required field,CRITICAL,,[Needs manual review]
playlist_generator,creator,Inconsistent capitalization,MEDIUM,me,Me
plugin.video.movistarplus-0.8.17,creator,Missing required field,CRITICAL,,[Needs manual review]
plugin.video.movistarplus-0.8.17,date,Missing required field,CRITICAL,,[Needs manual review]
playerjs_202302,creator,Missing required field,CRITICAL,,[Needs manual review]
playerjs_202302,date,Missing required field,CRITICAL,,[Needs manual review]
planetstream14,creator,Missing required field,CRITICAL,,[Needs manual review]
planetstream14,date,Missing required field,CRITICAL,,[Needs manual review]
planetstream14,language,Non-standard language code,MEDIUM,english,eng
perfildevalacaussosu,creator,Missing required field,CRITICAL,,[Needs manual review]
perfildevalacaussosu,language,Non-standard language code,MEDIUM,english,eng
periodicaltars,creator,Missing required field,CRITICAL,,[Needs manual review]
periodicaltars,date,Missing required field,CRITICAL,,[Needs manual review]
photo_2021-08-23_14-43-28,creator,Missing required field,CRITICAL,,[Needs manual review]
photo_2021-08-23_14-43-28,date,Missing required field,CRITICAL,,[Needs manual review]
physical-education-pedagogy_20210827,creator,Inconsistent capitalization,MEDIUM,GENESIS,Genesis
geo-boda-1,creator,Missing required field,CRITICAL,,[Needs manual review]
geo-boda-1,date,Missing required field,CRITICAL,,[Needs manual review]
penerbitbukuindiepress.WordPress.2022-02-15,creator,Missing required field,CRITICAL,,[Needs manual review]
penerbitbukuindiepress.WordPress.2022-02-15,date,Missing required field,CRITICAL,,[Needs manual review]
peliculas.epg-3_20221219,creator,Missing required field,CRITICAL,,[Needs manual review]
peliculas.epg-3_20221219,date,Missing required field,CRITICAL,,[Needs manual review]
peliculas.epg-3_20221223,date,Missing required field,CRITICAL,,[Needs manual review]
peliculas.epg-3_20221223,creator,Inconsistent capitalization,MEDIUM,E,E
peliculas.epg-5_20221224_0028,creator,Missing required field,CRITICAL,,[Needs manual review]
peliculas.epg-5_20221224_0028,date,Missing required field,CRITICAL,,[Needs manual review]
pd-libros-48-leyes-del-poder_202410,creator,Missing required field,CRITICAL,,[Needs manual review]
pd-libros-48-leyes-del-poder_202410,date,Missing required field,CRITICAL,,[Needs manual review]
pepiiiiii,creator,Missing required field,CRITICAL,,[Needs manual review]
pepiiiiii,date,Missing required field,CRITICAL,,[Needs manual review]
olaexecutive,creator,Missing required field,CRITICAL,,[Needs manual review]
olaexecutive,date,Missing required field,CRITICAL,,[Needs manual review]
r-051-pldt_202409,creator,Inconsistent capitalization,MEDIUM,freekonek,Freekonek
sacred-freedom-western-liberalist-ideologies-in-the-light-of-islam-haneef-oliver-2,creator,Missing required field,CRITICAL,,[Needs manual review]
sacred-freedom-western-liberalist-ideologies-in-the-light-of-islam-haneef-oliver-2,date,Missing required field,CRITICAL,,[Needs manual review]
romppt-23,creator,Missing required field,CRITICAL,,[Needs manual review]
romppt-23,date,Missing required field,CRITICAL,,[Needs manual review]
reMarkable.app,creator,Missing required field,CRITICAL,,[Needs manual review]
reMarkable.app,date,Missing required field,CRITICAL,,[Needs manual review]
saved-pictures_20220923,creator,Missing required field,CRITICAL,,[Needs manual review]
saved-pictures_20220923,date,Missing required field,CRITICAL,,[Needs manual review]
sax1854PereiradaSilva,date,Missing required field,CRITICAL,,[Needs manual review]
sax1854PereiradaSilva,creator,Inconsistent capitalization,MEDIUM,jornal da epoca,Jornal Da Epoca
sah_20201024,creator,Missing required field,CRITICAL,,[Needs manual review]
sah_20201024,date,Missing required field,CRITICAL,,[Needs manual review]
prophecies-and-more,creator,Missing required field,CRITICAL,,[Needs manual review]
prophecies-and-more,date,Missing required field,CRITICAL,,[Needs manual review]
prophecies-downloads,creator,Missing required field,CRITICAL,,[Needs manual review]
prophecies-downloads,date,Missing required field,CRITICAL,,[Needs manual review]
prophecies-zipped,creator,Missing required field,CRITICAL,,[Needs manual review]
prophecies-zipped,date,Missing required field,CRITICAL,,[Needs manual review]
prueba_20201224,creator,Missing required field,CRITICAL,,[Needs manual review]
prueba_20201224,date,Missing required field,CRITICAL,,[Needs manual review]
prvepre201920fromjeffery20190603t14122,creator,Missing required field,CRITICAL,,[Needs manual review]
prvepre201920fromjeffery20190603t14122,date,Missing required field,CRITICAL,,[Needs manual review]
prvepre201920fromjeffery20190603t14122,language,Non-standard language code,MEDIUM,english,eng
presentacion-maniobra-de-desmontaje-de-desaereador,date,Missing required field,CRITICAL,,[Needs manual review]
president2012masr,creator,Missing required field,CRITICAL,,[Needs manual review]
president2012masr,date,Missing required field,CRITICAL,,[Needs manual review]
ppp_20240509,creator,Missing required field,CRITICAL,,[Needs manual review]
ppp_20240509,date,Missing required field,CRITICAL,,[Needs manual review]
primary-class-8-kcpe-second-prediction,creator,Inconsistent capitalization,MEDIUM,GENESI2021,Genesi2021
programa-2022-ana-silvia,creator,Missing required field,CRITICAL,,[Needs manual review]
programa-2022-ana-silvia,date,Missing required field,CRITICAL,,[Needs manual review]
publicrecordsrequestkatyprangeofsenmarklein,creator,Missing required field,CRITICAL,,[Needs manual review]
publicrecordsrequestkatyprangeofsenmarklein,date,Missing required field,CRITICAL,,[Needs manual review]
pubg-vimas-2.1.0-1658355800,creator,Missing required field,CRITICAL,,[Needs manual review]
pubg-vimas-2.1.0-1658355800,date,Missing required field,CRITICAL,,[Needs manual review]
pubg0.16.0_20200108,creator,Missing required field,CRITICAL,,[Needs manual review]
pubg0.16.0_20200108,date,Missing required field,CRITICAL,,[Needs manual review]
pubg18_nogers_rcol_UAE,creator,Missing required field,CRITICAL,,[Needs manual review]
pubg18_nogers_rcol_UAE,date,Missing required field,CRITICAL,,[Needs manual review]
publicidadcertificada.sunarp.gob.pe-servicio-verCertificado-MD2A37CY4JWC40637,creator,Missing required field,CRITICAL,,[Needs manual review]
publicidadcertificada.sunarp.gob.pe-servicio-verCertificado-MD2A37CY4JWC40637,date,Missing required field,CRITICAL,,[Needs manual review]
ptx123,creator,Missing required field,CRITICAL,,[Needs manual review]
ptx123,date,Missing required field,CRITICAL,,[Needs manual review]
ps3-linux-docs-08.06.09,creator,Missing required field,CRITICAL,,[Needs manual review]
ps3-linux-docs-08.06.09,date,Missing required field,CRITICAL,,[Needs manual review]
pubg-joker-hijackerv-19.3,creator,Missing required field,CRITICAL,,[Needs manual review]
pubg-joker-hijackerv-19.3,date,Missing required field,CRITICAL,,[Needs manual review]
pubg-joker-hijackerv-19.3,language,Non-standard language code,MEDIUM,english,eng
pubgnoaimpotuaeapps0.17.0,creator,Missing required field,CRITICAL,,[Needs manual review]
pubgnoaimpotuaeapps0.17.0,date,Missing required field,CRITICAL,,[Needs manual review]
pythonista-joker,creator,Missing required field,CRITICAL,,[Needs manual review]
pythonista-joker,date,Missing required field,CRITICAL,,[Needs manual review]
positiveandinspiringindex,creator,Missing required field,CRITICAL,,[Needs manual review]
positiveandinspiringindex,date,Missing required field,CRITICAL,,[Needs manual review]
posts_202005,creator,Missing required field,CRITICAL,,[Needs manual review]
posts_202005,date,Missing required field,CRITICAL,,[Needs manual review]
posts_202005,language,Non-standard language code,MEDIUM,english,eng
poly88brochureandsalesdocs,date,Missing required field,CRITICAL,,[Needs manual review]
poly88brochureandsalesdocs,creator,Inconsistent capitalization,MEDIUM,polymorphic systems,Polymorphic Systems
taurine_20210914,creator,Missing required field,CRITICAL,,[Needs manual review]
taurine_20210914,date,Missing required field,CRITICAL,,[Needs manual review]
t-02_20220918,creator,Missing required field,CRITICAL,,[Needs manual review]
t-02_20220918,date,Missing required field,CRITICAL,,[Needs manual review]
t_20200923,creator,Missing required field,CRITICAL,,[Needs manual review]
t_20200923,date,Missing required field,CRITICAL,,[Needs manual review]
t_20200923,language,Non-standard language code,MEDIUM,english,eng
superhero-contacts,creator,Missing required field,CRITICAL,,[Needs manual review]
superhero-contacts,date,Missing required field,CRITICAL,,[Needs manual review]
superhero_202004,creator,Missing required field,CRITICAL,,[Needs manual review]
superhero_202004,date,Missing required field,CRITICAL,,[Needs manual review]
superhero_202004,language,Non-standard language code,MEDIUM,english,eng
thefallodthefrench,creator,Inconsistent capitalization,MEDIUM,me,Me
1930-01-01-armitage-trail-scarface.pdf,creator,Missing required field,CRITICAL,,[Needs manual review]
1930-01-01-armitage-trail-scarface.pdf,date,Missing required field,CRITICAL,,[Needs manual review]
20240412_20240412_1434,creator,Missing required field,CRITICAL,,[Needs manual review]
20240412_20240412_1434,date,Missing required field,CRITICAL,,[Needs manual review]
uks_20211027,creator,Missing required field,CRITICAL,,[Needs manual review]
uks_20211027,date,Missing required field,CRITICAL,,[Needs manual review]
2010.05.09TheWordOfGodOnTheSixthSundayAfterPassoverOfTheBlindManFromBirth,date,Missing required field,CRITICAL,,[Needs manual review]
twitter-owl,creator,Missing required field,CRITICAL,,[Needs manual review]
twitter-owl,date,Missing required field,CRITICAL,,[Needs manual review]
twitter-owl,language,Non-standard language code,MEDIUM,english,eng
un-c_20220904,creator,Missing required field,CRITICAL,,[Needs manual review]
un-c_20220904,date,Missing required field,CRITICAL,,[Needs manual review]
unhappy-wallpapers-hd,creator,Missing required field,CRITICAL,,[Needs manual review]
unhappy-wallpapers-hd,date,Missing required field,CRITICAL,,[Needs manual review]
unhappy-wallpapers-hd,language,Non-standard language code,MEDIUM,english,eng
ungu_20220722,creator,Missing required field,CRITICAL,,[Needs manual review]
ungu_20220722,date,Missing required field,CRITICAL,,[Needs manual review]
unc-0ver-k_20220714,creator,Missing required field,CRITICAL,,[Needs manual review]
unc-0ver-k_20220714,date,Missing required field,CRITICAL,,[Needs manual review]
unc0ver_20210903_2151,creator,Missing required field,CRITICAL,,[Needs manual review]
unc0ver_20210903_2151,date,Missing required field,CRITICAL,,[Needs manual review]
uncertain_convolk,creator,Inconsistent capitalization,MEDIUM,CONVOLK,Convolk
uncover6.0,creator,Missing required field,CRITICAL,,[Needs manual review]
uncover6.0,date,Missing required field,CRITICAL,,[Needs manual review]
titto,creator,Missing required field,CRITICAL,,[Needs manual review]
titto,date,Missing required field,CRITICAL,,[Needs manual review]
tk-5-spoofer-x,creator,Missing required field,CRITICAL,,[Needs manual review]
tk-5-spoofer-x,date,Missing required field,CRITICAL,,[Needs manual review]
aqidah-09154,creator,Missing required field,CRITICAL,,[Needs manual review]
aqidah-09154,date,Missing required field,CRITICAL,,[Needs manual review]
gbv-revs-2006b-04-23-2012-2019,creator,Missing required field,CRITICAL,,[Needs manual review]
gbv-revs-2006b-04-23-2012-2019,date,Missing required field,CRITICAL,,[Needs manual review]
gbv-revs-2006b-04-23-2012-2019,language,Non-standard language code,MEDIUM,english,eng
gaframzen,creator,Missing required field,CRITICAL,,[Needs manual review]
gaframzen,date,Missing required field,CRITICAL,,[Needs manual review]
auto-brewery-syndrome-in-hindi,creator,Missing required field,CRITICAL,,[Needs manual review]
auto-brewery-syndrome-in-hindi,date,Missing required field,CRITICAL,,[Needs manual review]
up_20230311,creator,Missing required field,CRITICAL,,[Needs manual review]
up_20230311,date,Missing required field,CRITICAL,,[Needs manual review]
veneers-in-sacramento,creator,Missing required field,CRITICAL,,[Needs manual review]
veneers-in-sacramento,date,Missing required field,CRITICAL,,[Needs manual review]
comparative-perspective-of-cbc-implementation,creator,Inconsistent capitalization,MEDIUM,GENSESIS 2021,Gensesis 2021
tommya_202111,creator,Missing required field,CRITICAL,,[Needs manual review]
tommya_202111,date,Missing required field,CRITICAL,,[Needs manual review]
tva-bok-0031557-guide-to-the-record-dist-madura-1935-vol-1,creator,Missing required field,CRITICAL,,[Needs manual review]
tva-bok-0031557-guide-to-the-record-dist-madura-1935-vol-1,date,Missing required field,CRITICAL,,[Needs manual review]
twoagainworld_20220204_0718,date,Missing required field,CRITICAL,,[Needs manual review]
twoagainworld_20220204_0718,creator,Inconsistent capitalization,MEDIUM,petty,Petty
pubg_20221223_202212,creator,Missing required field,CRITICAL,,[Needs manual review]
pubg_20221223_202212,date,Missing required field,CRITICAL,,[Needs manual review]
tuythandaobaohoanggiatieudiachu_202110,creator,Missing required field,CRITICAL,,[Needs manual review]
tuythandaobaohoanggiatieudiachu_202110,date,Missing required field,CRITICAL,,[Needs manual review]
second-eresources-on-school-refusal,creator,Inconsistent capitalization,MEDIUM,GNESIS2024,Gnesis2024
sante-interdite1,creator,Missing required field,CRITICAL,,[Needs manual review]
sante-interdite1,date,Missing required field,CRITICAL,,[Needs manual review]
jhikugyug,creator,Missing required field,CRITICAL,,[Needs manual review]
jhikugyug,date,Missing required field,CRITICAL,,[Needs manual review]
glb_20210625,creator,Missing required field,CRITICAL,,[Needs manual review]
glb_20210625,date,Missing required field,CRITICAL,,[Needs manual review]
gofrag.ru-my-garage,creator,Missing required field,CRITICAL,,[Needs manual review]
gofrag.ru-my-garage,date,Missing required field,CRITICAL,,[Needs manual review]
goba_20210906,creator,Missing required field,CRITICAL,,[Needs manual review]
goba_20210906,date,Missing required field,CRITICAL,,[Needs manual review]
godCONTROLpsp,creator,Missing required field,CRITICAL,,[Needs manual review]
godCONTROLpsp,date,Missing required field,CRITICAL,,[Needs manual review]
gll50IxT,creator,Missing required field,CRITICAL,,[Needs manual review]
gll50IxT,date,Missing required field,CRITICAL,,[Needs manual review]
gomunie,creator,Missing required field,CRITICAL,,[Needs manual review]
gomunie,date,Missing required field,CRITICAL,,[Needs manual review]
5QU94WG8B,creator,Missing required field,CRITICAL,,[Needs manual review]
5QU94WG8B,date,Missing required field,CRITICAL,,[Needs manual review]
google_group_ufo-collective,creator,Missing required field,CRITICAL,,[Needs manual review]
google_group_ufo-collective,date,Missing required field,CRITICAL,,[Needs manual review]
google_group_ufo-collective,language,Non-standard language code,MEDIUM,english,eng
google-services_202108,creator,Missing required field,CRITICAL,,[Needs manual review]
google-services_202108,date,Missing required field,CRITICAL,,[Needs manual review]
pdf-b-c,creator,Missing required field,CRITICAL,,[Needs manual review]
pdf-b-c,date,Missing required field,CRITICAL,,[Needs manual review]
time5,creator,Missing required field,CRITICAL,,[Needs manual review]
time5,date,Missing required field,CRITICAL,,[Needs manual review]
viecuscom,date,Missing required field,CRITICAL,,[Needs manual review]
viecuscom,creator,Inconsistent capitalization,MEDIUM,viebybro,Viebybro
yi-1_20210831_20210831,creator,Missing required field,CRITICAL,,[Needs manual review]
yi-1_20210831_20210831,date,Missing required field,CRITICAL,,[Needs manual review]
historias-de-terror,creator,Missing required field,CRITICAL,,[Needs manual review]
historias-de-terror,date,Missing required field,CRITICAL,,[Needs manual review]
unc-0ver_20210111,creator,Missing required field,CRITICAL,,[Needs manual review]
unc-0ver_20210111,date,Missing required field,CRITICAL,,[Needs manual review]
neocities-fsfederation-feb-04-2020,language,Non-standard language code,MEDIUM,english,eng
neocities-fsfederation-feb-04-2020,creator,Inconsistent capitalization,MEDIUM,"figosdev, others","Figosdev, Others"
top-habits-that-can-ruin-your-credit-score-in-2023,creator,Missing required field,CRITICAL,,[Needs manual review]
top-habits-that-can-ruin-your-credit-score-in-2023,date,Missing required field,CRITICAL,,[Needs manual review]
VideshiPicturesZipWithS2,creator,Missing required field,CRITICAL,,[Needs manual review]
VideshiPicturesZipWithS2,date,Missing required field,CRITICAL,,[Needs manual review]
student-card-regal-academy_202412,creator,Missing required field,CRITICAL,,[Needs manual review]
student-card-regal-academy_202412,date,Missing required field,CRITICAL,,[Needs manual review]
FootballRunner,creator,Missing required field,CRITICAL,,[Needs manual review]
FootballRunner,date,Missing required field,CRITICAL,,[Needs manual review]
FootballRunner,language,Non-standard language code,MEDIUM,english,eng
bluza-rr-50-58-ros,creator,Missing required field,CRITICAL,,[Needs manual review]
bluza-rr-50-58-ros,date,Missing required field,CRITICAL,,[Needs manual review]
yunowadidis-renoise-keybindings,creator,Missing required field,CRITICAL,,[Needs manual review]
yunowadidis-renoise-keybindings,date,Missing required field,CRITICAL,,[Needs manual review]
yunowadidis-renoise-keybindings,language,Non-standard language code,MEDIUM,english,eng
exemplo_201909,creator,Missing required field,CRITICAL,,[Needs manual review]
exemplo_201909,date,Missing required field,CRITICAL,,[Needs manual review]
warnung,creator,Missing required field,CRITICAL,,[Needs manual review]
lauerman-clean-hydrogen-civil-war-series-part-1-the-evidence,creator,Missing required field,CRITICAL,,[Needs manual review]
lauerman-clean-hydrogen-civil-war-series-part-1-the-evidence,date,Missing required field,CRITICAL,,[Needs manual review]
library-visit-11-5-24,creator,Missing required field,CRITICAL,,[Needs manual review]
library-visit-11-5-24,date,Missing required field,CRITICAL,,[Needs manual review]
lcsblog,date,Missing required field,CRITICAL,,[Needs manual review]
DTRJRURG,creator,Missing required field,CRITICAL,,[Needs manual review]
DTRJRURG,date,Missing required field,CRITICAL,,[Needs manual review]
publicidadcertificada.sunarp.gob.pe-servicio-vercertificado-_20240326_1701,creator,Missing required field,CRITICAL,,[Needs manual review]
publicidadcertificada.sunarp.gob.pe-servicio-vercertificado-_20240326_1701,date,Missing required field,CRITICAL,,[Needs manual review]
vidas-de-los-sofistas-filo-strato,creator,Missing required field,CRITICAL,,[Needs manual review]
vidas-de-los-sofistas-filo-strato,date,Missing required field,CRITICAL,,[Needs manual review]
webwe24_gmail_Web,creator,Missing required field,CRITICAL,,[Needs manual review]
webwe24_gmail_Web,date,Missing required field,CRITICAL,,[Needs manual review]
Account_201706,creator,Missing required field,CRITICAL,,[Needs manual review]
Account_201706,date,Missing required field,CRITICAL,,[Needs manual review]
Account_201706,language,Non-standard language code,MEDIUM,english,eng
B-001-002-775-NLA,date,Missing required field,CRITICAL,,[Needs manual review]
BruceHennes-ClevelandBusinessConnectsInterview,creator,Missing required field,CRITICAL,,[Needs manual review]
BruceHennes-ClevelandBusinessConnectsInterview,date,Missing required field,CRITICAL,,[Needs manual review]
hcq_20200430_202004,creator,Missing required field,CRITICAL,,[Needs manual review]
hcq_20200430_202004,date,Missing required field,CRITICAL,,[Needs manual review]
1S2.0S0957582005712817Main_201805,creator,Missing required field,CRITICAL,,[Needs manual review]
1S2.0S0957582005712817Main_201805,date,Missing required field,CRITICAL,,[Needs manual review]
1S2.0S0957582005712817Main_201805,language,Non-standard language code,MEDIUM,english,eng
actividad-7-estadisticayprobabilidad,creator,Missing required field,CRITICAL,,[Needs manual review]
actividad-7-estadisticayprobabilidad,date,Missing required field,CRITICAL,,[Needs manual review]
a_Test_201508,creator,Missing required field,CRITICAL,,[Needs manual review]
a_Test_201508,date,Missing required field,CRITICAL,,[Needs manual review]
papua-neuguinea-leistet-der-marokkanitat-der-sahara-gegenuber-beistand,creator,Missing required field,CRITICAL,,[Needs manual review]
papua-neuguinea-leistet-der-marokkanitat-der-sahara-gegenuber-beistand,date,Missing required field,CRITICAL,,[Needs manual review]
abstraction-a-jewish-critique-of-political-economy,creator,Missing required field,CRITICAL,,[Needs manual review]
abstraction-a-jewish-critique-of-political-economy,date,Missing required field,CRITICAL,,[Needs manual review]
programm-plus-134,creator,Missing required field,CRITICAL,,[Needs manual review]
programm-plus-134,date,Missing required field,CRITICAL,,[Needs manual review]
problem-solving-answers,date,Missing required field,CRITICAL,,[Needs manual review]
problem-solving-answers,creator,"Contains title prefix (Dr., Prof.)",MEDIUM,Dr. Hamdy El-Atfy,Hamdy El-Atfy
possible_202504,creator,Missing required field,CRITICAL,,[Needs manual review]
possible_202504,date,Missing required field,CRITICAL,,[Needs manual review]
ocmp_the-stories-of-cottagers-1857-robert-lee,date,Missing required field,CRITICAL,,[Needs manual review]
niedertrauiwacher-zittung-1,creator,Missing required field,CRITICAL,,[Needs manual review]
niedertrauiwacher-zittung-1,date,Missing required field,CRITICAL,,[Needs manual review]
T_687,creator,Missing required field,CRITICAL,,[Needs manual review]
T_687,date,Missing required field,CRITICAL,,[Needs manual review]
r-nonewnormal-subreddit-archive.-7z,creator,Missing required field,CRITICAL,,[Needs manual review]
r-nonewnormal-subreddit-archive.-7z,date,Missing required field,CRITICAL,,[Needs manual review]
november-blog-2024_202412,creator,Missing required field,CRITICAL,,[Needs manual review]
november-blog-2024_202412,date,Missing required field,CRITICAL,,[Needs manual review]
pragmatismanewn00jameuoft,creator,Missing required field,CRITICAL,,[Needs manual review]
pragmatismanewn00jameuoft,date,Missing required field,CRITICAL,,[Needs manual review]
test_20201229_20201229,creator,Missing required field,CRITICAL,,[Needs manual review]
test_20201229_20201229,date,Missing required field,CRITICAL,,[Needs manual review]
Tarbia2zadNew2,creator,Missing required field,CRITICAL,,[Needs manual review]
Tarbia2zadNew2,date,Missing required field,CRITICAL,,[Needs manual review]
Tarbia2zadNew2,language,Non-standard language code,MEDIUM,english,eng
Tafreeqh_56,creator,Missing required field,CRITICAL,,[Needs manual review]
Tafreeqh_56,date,Missing required field,CRITICAL,,[Needs manual review]
2006part26Archive,creator,Missing required field,CRITICAL,,[Needs manual review]
2006part26Archive,date,Missing required field,CRITICAL,,[Needs manual review]
2006part26Archive,language,Non-standard language code,MEDIUM,english,eng
WhatIsSizeofxExpressionEqualToXBeingDefinedAscharxn,creator,Missing required field,CRITICAL,,[Needs manual review]
WhatIsSizeofxExpressionEqualToXBeingDefinedAscharxn,date,Missing required field,CRITICAL,,[Needs manual review]
ivs_20200429,creator,Missing required field,CRITICAL,,[Needs manual review]
ivs_20200429,date,Missing required field,CRITICAL,,[Needs manual review]
ivs_20200429,language,Non-standard language code,MEDIUM,english,eng
20210808_20210808_0359,creator,Missing required field,CRITICAL,,[Needs manual review]
20210808_20210808_0359,date,Missing required field,CRITICAL,,[Needs manual review]
infinitely-mario-mario-paint,creator,Inconsistent capitalization,MEDIUM,me,Me
20210928_20210928_1856,creator,Missing required field,CRITICAL,,[Needs manual review]
20210928_20210928_1856,date,Missing required field,CRITICAL,,[Needs manual review]
articles-about-books-films-that-inspire-george-lucas,creator,Missing required field,CRITICAL,,[Needs manual review]
articles-about-books-films-that-inspire-george-lucas,date,Missing required field,CRITICAL,,[Needs manual review]
audioplayer_20200430_2112,creator,Missing required field,CRITICAL,,[Needs manual review]
audioplayer_20200430_2112,date,Missing required field,CRITICAL,,[Needs manual review]
audioplayer_20200430_2112,language,Non-standard language code,MEDIUM,english,eng
index_20200701,creator,Missing required field,CRITICAL,,[Needs manual review]
index_20200701,date,Missing required field,CRITICAL,,[Needs manual review]
index_20200701,language,Non-standard language code,MEDIUM,english,eng
spacefighterproject4,language,Non-standard language code,MEDIUM,english,eng
south-america-bibles,creator,Missing required field,CRITICAL,,[Needs manual review]
south-america-bibles,date,Missing required field,CRITICAL,,[Needs manual review]
snap2g2-7,creator,Missing required field,CRITICAL,,[Needs manual review]
snap2g2-7,date,Missing required field,CRITICAL,,[Needs manual review]
sneedopets,creator,Missing required field,CRITICAL,,[Needs manual review]
sneedopets,date,Missing required field,CRITICAL,,[Needs manual review]
athbttray.exe,creator,Missing required field,CRITICAL,,[Needs manual review]
educational-and-general-reader-ebooks,creator,Inconsistent capitalization,MEDIUM,GENESIS2023,Genesis2023
error_20231221,creator,Missing required field,CRITICAL,,[Needs manual review]
error_20231221,date,Missing required field,CRITICAL,,[Needs manual review]
cenxray_20201116_1610,creator,Missing required field,CRITICAL,,[Needs manual review]
cenxray_20201116_1610,date,Missing required field,CRITICAL,,[Needs manual review]
autobiographyofh00geor_0_daisy,creator,Missing required field,CRITICAL,,[Needs manual review]
autobiographyofh00geor_0_daisy,date,Missing required field,CRITICAL,,[Needs manual review]
autobiographyofh00geor_0_daisy,language,Non-standard language code,MEDIUM,english,eng
av_13,creator,Missing required field,CRITICAL,,[Needs manual review]
av_13,date,Missing required field,CRITICAL,,[Needs manual review]
FurtherReflectionsOnVeritasOuroborosTheActionOfTheModelWaveEquationInPhysicalSys_20190422_2321,language,Non-standard language code,MEDIUM,english,eng
FalmouthPublicLibraryMAThreeVoyagesOfAugustusLawrence2006.044.005,creator,Missing required field,CRITICAL,,[Needs manual review]
FalmouthPublicLibraryMAThreeVoyagesOfAugustusLawrence2006.044.005,date,Missing required field,CRITICAL,,[Needs manual review]
FalmouthPublicLibraryMAThreeVoyagesOfAugustusLawrence2006.044.005,language,Non-standard language code,MEDIUM,english,eng
diapositiva-17-clasificacion-y-organizacion-de-series-documentales-codigo-sds-bys-ins-002,creator,Missing required field,CRITICAL,,[Needs manual review]
diapositiva-17-clasificacion-y-organizacion-de-series-documentales-codigo-sds-bys-ins-002,date,Missing required field,CRITICAL,,[Needs manual review]
zSWR_illustrations-from-multi-text-sharada-manuscript-sarvanand-koul-premi-collection-part-10,date,Missing required field,CRITICAL,,[Needs manual review]
ajoqdashkan,creator,Missing required field,CRITICAL,,[Needs manual review]
ajoqdashkan,date,Missing required field,CRITICAL,,[Needs manual review]
all-of-us-would-have-heard-about-hiring-an-app-dev,creator,Missing required field,CRITICAL,,[Needs manual review]
all-of-us-would-have-heard-about-hiring-an-app-dev,date,Missing required field,CRITICAL,,[Needs manual review]
all_20210310,creator,Missing required field,CRITICAL,,[Needs manual review]
all_20210310,date,Missing required field,CRITICAL,,[Needs manual review]
abosalim,creator,Missing required field,CRITICAL,,[Needs manual review]
abosalim,date,Missing required field,CRITICAL,,[Needs manual review]
bac2014ge,creator,Missing required field,CRITICAL,,[Needs manual review]
bac2014ge,date,Missing required field,CRITICAL,,[Needs manual review]
file_20230124,creator,Missing required field,CRITICAL,,[Needs manual review]
file_20230124,date,Missing required field,CRITICAL,,[Needs manual review]
20240504_20240504_0841,creator,Missing required field,CRITICAL,,[Needs manual review]
20240504_20240504_0841,date,Missing required field,CRITICAL,,[Needs manual review]
20241001_20241001_0216,creator,Missing required field,CRITICAL,,[Needs manual review]
20241001_20241001_0216,date,Missing required field,CRITICAL,,[Needs manual review]
astatic-d-104-review-wc-3-k-2001_202503,creator,Missing required field,CRITICAL,,[Needs manual review]
astatic-d-104-review-wc-3-k-2001_202503,date,Missing required field,CRITICAL,,[Needs manual review]
economia-politica-uma-introducao-critica_202010,creator,Missing required field,CRITICAL,,[Needs manual review]
economia-politica-uma-introducao-critica_202010,date,Missing required field,CRITICAL,,[Needs manual review]
async_20210520,creator,Missing required field,CRITICAL,,[Needs manual review]
async_20210520,date,Missing required field,CRITICAL,,[Needs manual review]
maus-proyecto-literatura-6to-2024,creator,Missing required field,CRITICAL,,[Needs manual review]
maus-proyecto-literatura-6to-2024,date,Missing required field,CRITICAL,,[Needs manual review]
genesis-en-merged,creator,Missing required field,CRITICAL,,[Needs manual review]
genesis-en-merged,date,Missing required field,CRITICAL,,[Needs manual review]
el-hombre-contra-el-estado_202203,creator,Missing required field,CRITICAL,,[Needs manual review]
el-hombre-contra-el-estado_202203,date,Missing required field,CRITICAL,,[Needs manual review]
TQBFInP,date,Missing required field,CRITICAL,,[Needs manual review]
u-2001-.,creator,Missing required field,CRITICAL,,[Needs manual review]
donate4_20191227,creator,Missing required field,CRITICAL,,[Needs manual review]
donate4_20191227,date,Missing required field,CRITICAL,,[Needs manual review]
donate4_20191227,language,Non-standard language code,MEDIUM,english,eng
HTML_scaling,creator,Missing required field,CRITICAL,,[Needs manual review]
HTML_scaling,date,Missing required field,CRITICAL,,[Needs manual review]
update-1_202503,creator,Missing required field,CRITICAL,,[Needs manual review]
update-1_202503,date,Missing required field,CRITICAL,,[Needs manual review]
book-of-printing-techniques,creator,Missing required field,CRITICAL,,[Needs manual review]
book-of-printing-techniques,date,Missing required field,CRITICAL,,[Needs manual review]
i3_20210118,creator,Missing required field,CRITICAL,,[Needs manual review]
bloquinho-de-anotacoes-colorido-regal-academy,creator,Missing required field,CRITICAL,,[Needs manual review]
bloquinho-de-anotacoes-colorido-regal-academy,date,Missing required field,CRITICAL,,[Needs manual review]
https-erasebook.infoarticlesvideo-unavailable-social-media-platforms-remove-evid,creator,Missing required field,CRITICAL,,[Needs manual review]
https-erasebook.infoarticlesvideo-unavailable-social-media-platforms-remove-evid,date,Missing required field,CRITICAL,,[Needs manual review]
https-erasebook.infoarticlesvideo-unavailable-social-media-platforms-remove-evid,language,Non-standard language code,MEDIUM,english,eng
competitive-intelligence-strategies-for-consulting-firms-to-outperform-rivals,creator,Missing required field,CRITICAL,,[Needs manual review]
competitive-intelligence-strategies-for-consulting-firms-to-outperform-rivals,date,Missing required field,CRITICAL,,[Needs manual review]
concepto-tecnico-tic,creator,Missing required field,CRITICAL,,[Needs manual review]
concepto-tecnico-tic,date,Missing required field,CRITICAL,,[Needs manual review]
PrivacyPoliciesAndTermsOfUse,creator,Missing required field,CRITICAL,,[Needs manual review]
PrivacyPoliciesAndTermsOfUse,date,Missing required field,CRITICAL,,[Needs manual review]
PrivacyPoliciesAndTermsOfUse,language,Non-standard language code,MEDIUM,english,eng
1-cardiac-muscle-and-smooth-muscle,creator,Missing required field,CRITICAL,,[Needs manual review]
1-cardiac-muscle-and-smooth-muscle,date,Missing required field,CRITICAL,,[Needs manual review]
106sp552,creator,Missing required field,CRITICAL,,[Needs manual review]
106sp552,date,Missing required field,CRITICAL,,[Needs manual review]
1071296,creator,Missing required field,CRITICAL,,[Needs manual review]
1071296,date,Missing required field,CRITICAL,,[Needs manual review]
0fa6daa4d9698cb924a60c00f12e018f,creator,Missing required field,CRITICAL,,[Needs manual review]
0fa6daa4d9698cb924a60c00f12e018f,date,Missing required field,CRITICAL,,[Needs manual review]
1-1956-correspondence-sept.-1-21-1956-downgall-reel-551110-frames-780-976-2,creator,Missing required field,CRITICAL,,[Needs manual review]
1-1956-correspondence-sept.-1-21-1956-downgall-reel-551110-frames-780-976-2,date,Missing required field,CRITICAL,,[Needs manual review]
convoy-finland-2022-channel-chat-export-2022-02-06,creator,Missing required field,CRITICAL,,[Needs manual review]
copster_202407,creator,Missing required field,CRITICAL,,[Needs manual review]
copster_202407,date,Missing required field,CRITICAL,,[Needs manual review]
contact_me_202005,creator,Missing required field,CRITICAL,,[Needs manual review]
contact_me_202005,date,Missing required field,CRITICAL,,[Needs manual review]
contact_me_202005,language,Non-standard language code,MEDIUM,english,eng
conntrol,creator,Missing required field,CRITICAL,,[Needs manual review]
conntrol,date,Missing required field,CRITICAL,,[Needs manual review]
constitution-of-nepal,creator,Missing required field,CRITICAL,,[Needs manual review]
constitution-of-nepal,date,Missing required field,CRITICAL,,[Needs manual review]
cointelpro-and-misc,creator,Missing required field,CRITICAL,,[Needs manual review]
cointelpro-and-misc,date,Missing required field,CRITICAL,,[Needs manual review]
com.mod.bussid.modbussidbusmbois.bussimulatorid_202208,creator,Missing required field,CRITICAL,,[Needs manual review]
com.mod.bussid.modbussidbusmbois.bussimulatorid_202208,date,Missing required field,CRITICAL,,[Needs manual review]
1984-szczepanski-miernik-pentaconta_202505,creator,Missing required field,CRITICAL,,[Needs manual review]
1984-szczepanski-miernik-pentaconta_202505,date,Missing required field,CRITICAL,,[Needs manual review]
clan_20220809,creator,Missing required field,CRITICAL,,[Needs manual review]
clan_20220809,date,Missing required field,CRITICAL,,[Needs manual review]
class-files-and-books,creator,Missing required field,CRITICAL,,[Needs manual review]
class-files-and-books,date,Missing required field,CRITICAL,,[Needs manual review]
css_dhsusd7,date,Missing required field,CRITICAL,,[Needs manual review]
css_dhsusd7,language,Non-standard language code,MEDIUM,english,eng
crypter1_202103,creator,Missing required field,CRITICAL,,[Needs manual review]
crypter1_202103,date,Missing required field,CRITICAL,,[Needs manual review]
ctr-psx-pusat,creator,Missing required field,CRITICAL,,[Needs manual review]
ctr-psx-pusat,date,Missing required field,CRITICAL,,[Needs manual review]
instead-of-prisons-table-of-contents,creator,Missing required field,CRITICAL,,[Needs manual review]
instead-of-prisons-table-of-contents,date,Missing required field,CRITICAL,,[Needs manual review]
hfdhdhfhd,creator,Missing required field,CRITICAL,,[Needs manual review]
hfdhdhfhd,date,Missing required field,CRITICAL,,[Needs manual review]
dataon_20210418_1833,creator,Missing required field,CRITICAL,,[Needs manual review]
dataon_20210418_1833,date,Missing required field,CRITICAL,,[Needs manual review]
dataon_20210419,creator,Missing required field,CRITICAL,,[Needs manual review]
dataon_20210419,date,Missing required field,CRITICAL,,[Needs manual review]
datatobroi,creator,Missing required field,CRITICAL,,[Needs manual review]
datatobroi,date,Missing required field,CRITICAL,,[Needs manual review]
dash_20230418,date,Missing required field,CRITICAL,,[Needs manual review]
data.-009_20210108,creator,Missing required field,CRITICAL,,[Needs manual review]
data.-009_20210108,date,Missing required field,CRITICAL,,[Needs manual review]
data.-009_20210109_0523,creator,Missing required field,CRITICAL,,[Needs manual review]
data.-009_20210109_0523,date,Missing required field,CRITICAL,,[Needs manual review]
datalist,creator,Missing required field,CRITICAL,,[Needs manual review]
datalist,date,Missing required field,CRITICAL,,[Needs manual review]
dataon.json,creator,Missing required field,CRITICAL,,[Needs manual review]
dataon.json,date,Missing required field,CRITICAL,,[Needs manual review]
dataon_20210307_1847,creator,Missing required field,CRITICAL,,[Needs manual review]
dataon_20210307_1847,date,Missing required field,CRITICAL,,[Needs manual review]
datasets_20240223,creator,Missing required field,CRITICAL,,[Needs manual review]
datasets_20240223,date,Missing required field,CRITICAL,,[Needs manual review]
davide-dev2.sanfrancisco.archive.org,creator,Missing required field,CRITICAL,,[Needs manual review]
davide-dev2.sanfrancisco.archive.org,date,Missing required field,CRITICAL,,[Needs manual review]
dd7_20220610_20220610,creator,Missing required field,CRITICAL,,[Needs manual review]
dd7_20220610_20220610,date,Missing required field,CRITICAL,,[Needs manual review]
comrade-andropov-would-not-dream-of-such-tremendous-success,creator,Missing required field,CRITICAL,,[Needs manual review]
comrade-andropov-would-not-dream-of-such-tremendous-success,date,Missing required field,CRITICAL,,[Needs manual review]
comrade-andropov-would-not-dream-of-such-tremendous-success,language,Non-standard language code,MEDIUM,english,eng
corto-helveticas,creator,Missing required field,CRITICAL,,[Needs manual review]
corto-helveticas,date,Missing required field,CRITICAL,,[Needs manual review]
crosspromot_202006,creator,Missing required field,CRITICAL,,[Needs manual review]
crosspromot_202006,date,Missing required field,CRITICAL,,[Needs manual review]
crosspromot_202006,language,Non-standard language code,MEDIUM,english,eng
dc1_20210914,creator,Missing required field,CRITICAL,,[Needs manual review]
dc1_20210914,date,Missing required field,CRITICAL,,[Needs manual review]
dc1_20220117,creator,Missing required field,CRITICAL,,[Needs manual review]
dc1_20220117,date,Missing required field,CRITICAL,,[Needs manual review]
a-beautiful-story-which-once-again-points-to-allahs-uluww-multaqa-ahl-al-hadeeth,creator,Missing required field,CRITICAL,,[Needs manual review]
a-beautiful-story-which-once-again-points-to-allahs-uluww-multaqa-ahl-al-hadeeth,date,Missing required field,CRITICAL,,[Needs manual review]
a-beautiful-story-which-once-again-points-to-allahs-uluww-multaqa-ahl-al-hadeeth,language,Non-standard language code,MEDIUM,english,eng
fisica_202504,creator,Missing required field,CRITICAL,,[Needs manual review]
fisica_202504,date,Missing required field,CRITICAL,,[Needs manual review]
fullprof_20210213,creator,Missing required field,CRITICAL,,[Needs manual review]
fullprof_20210213,date,Missing required field,CRITICAL,,[Needs manual review]
galla-placidia-archive-20240213-t-225726-z-001,date,Missing required field,CRITICAL,,[Needs manual review]
game-with,creator,Missing required field,CRITICAL,,[Needs manual review]
game-with,date,Missing required field,CRITICAL,,[Needs manual review]
funnystuffindex,creator,Missing required field,CRITICAL,,[Needs manual review]
funnystuffindex,date,Missing required field,CRITICAL,,[Needs manual review]
english_20240429,creator,Missing required field,CRITICAL,,[Needs manual review]
english_20240429,date,Missing required field,CRITICAL,,[Needs manual review]
aesthetics_202502,creator,Missing required field,CRITICAL,,[Needs manual review]
aesthetics_202502,date,Missing required field,CRITICAL,,[Needs manual review]
20210119-02-tue-01-cc-002-003-05-j-00-bayport-park-plaground-exh-02-playground-design,creator,Missing required field,CRITICAL,,[Needs manual review]
20210119-02-tue-01-cc-002-003-05-j-00-bayport-park-plaground-exh-02-playground-design,date,Missing required field,CRITICAL,,[Needs manual review]
english-christian-ebook-ebcwa-bible-commentary-ot-books-daniel-malachi-english,creator,Missing required field,CRITICAL,,[Needs manual review]
electrical_man_202402,creator,Missing required field,CRITICAL,,[Needs manual review]
electrical_man_202402,date,Missing required field,CRITICAL,,[Needs manual review]
eclats2vers.tar_202402,creator,Inconsistent capitalization,MEDIUM,chimay,Chimay
